PassengerId,Survived,Pclass,Name,Sex,Age,SibSp,Parch,Ticket,Fare,Cabin,Embarked,Cabin_BowDistance_m,Cabin_DeckHeight_m
1,1,1,"Smith, Mr. George",male,,0,0,TKT42425,88.64,F57,S,84.44,17.15
2,1,1,"Taylor, Mrs. Elizabeth",female,17.2,0,0,TKT52545,24.45,A99,C,50.36,19.1
3,0,1,"White, Mr. James",male,40,0,0,TKT52870,82.59,F71,C,133.89,22.42
4,1,1,"Martin, Mrs. William",female,13.4,0,1,TKT87411,64.95,C140,Q,78.94,18.72
5,0,1,"White, Mr. Elizabeth",male,34.6,0,0,TKT96629,49.41,D144,Q,88.66,18.25
6,1,1,"Johnson, Miss. Mary",female,56,0,0,TKT68140,128.02,,C,49.78,18.52
7,0,1,"Brown, Mr. James",male,11.3,1,1,TKT83992,100.13,C148,Q,62.01,21.11
8,1,1,"Smith, Miss. Elizabeth",female,20.1,2,0,TKT17574,84.11,F78,C,78.83,17.02
9,1,1,"Harris, Mr. Anna",male,23.6,0,1,TKT78334,68.06,E130,C,82.11,17.12
10,1,1,"White, Mr. Charles",male,37.1,0,0,TKT82907,93.89,F92,C,60.22,17.24
11,1,1,"Thomas, Mr. Elizabeth",male,,0,0,TKT74340,114.74,D55,C,89.93,18.94
12,1,1,"Anderson, Mrs. Mary",female,57.6,0,0,TKT62594,60.19,,C,54.5,16.21
13,1,1,"Johnson, Miss. Anna",female,51.4,1,0,TKT90961,84.86,F28,C,90.77,20.06
14,1,1,"Harris, Miss. Elizabeth",female,44.9,0,1,TKT68816,111.04,B103,C,62.07,18.76
15,1,1,"Taylor, Miss. Anna",female,40,0,1,TKT86174,26.92,E20,S,63.69,19.16
16,0,1,"Jackson, Mr. Sarah",male,43.5,0,3,TKT26220,83.27,D141,S,38.87,13.51
17,1,1,"Harris, Mr. Margaret",male,25.9,0,0,TKT69884,72.12,C61,S,98.3,19.56
18,1,1,"White, Mr. Charles",male,50,0,1,TKT49373,80.99,B133,C,50.74,19.73
19,0,1,"Taylor, Mrs. George",female,22.4,0,0,TKT88146,69.95,F60,S,90.49,18.51
20,0,1,"Anderson, Mr. Sarah",male,49.7,3,2,TKT89251,89.13,C42,C,86.24,22.61
21,1,1,"Harris, Mr. Margaret",male,54.6,0,0,TKT85957,142.71,F33,S,55.52,18.5
22,0,1,"Jackson, Mr. William",male,41,0,1,TKT29388,75.28,F87,S,88.26,21.56
23,1,1,"Johnson, Mrs. James",female,35.5,0,0,TKT54306,93.75,,,72.42,19.58
24,0,1,"Jackson, Mrs. Charles",female,43.6,0,0,TKT10011,144.84,,C,56.92,17.68
25,1,1,"Jackson, Mr. Margaret",male,0.5,0,0,TKT98166,68.5,,S,62.83,17.93
26,1,1,"Taylor, Mrs. Sarah",female,42.2,0,0,TKT33175,139.44,,Q,63.7,19.78
27,1,1,"Thomas, Miss. Margaret",female,,1,0,TKT66198,85.16,C149,S,111.41,22.7
28,1,1,"Smith, Mr. James",male,37.3,0,3,TKT53878,138.46,C134,Q,95.24,19.72
29,0,1,"Martin, Mr. Margaret",male,47.9,0,0,TKT91415,107.51,E107,Q,64.36,22.54
30,0,1,"Thomas, Rev. John",male,37,0,0,TKT83914,94.21,D27,C,83.08,23.21
31,0,1,"Smith, Mr. George",male,,0,0,TKT79922,83.03,A124,S,116.22,23.25
32,0,1,"Harris, Mrs. Charles",female,36,0,0,TKT67895,66.28,A114,C,66.85,20.03
33,1,1,"Harris, Miss. Anna",female,38.9,2,0,TKT20744,87.27,A136,S,53.02,18.97
34,0,1,"Johnson, Mrs. Anna",female,,0,2,TKT92714,111.92,D7,C,90.53,19.69
35,0,1,"Taylor, Mr. James",male,40.3,0,3,TKT15636,84.61,B145,Q,62.42,17.07
36,1,1,"Jackson, Mrs. James",female,52.6,1,0,TKT51000,75.5,C18,S,117.95,20.98
37,0,1,"Martin, Mr. Margaret",male,22.8,0,0,TKT44147,77.48,D97,C,90.11,22.61
38,1,1,"White, Miss. John",female,40.5,0,0,TKT45172,114.77,A132,C,65.95,20.24
39,0,1,"Martin, Mr. George",male,56.1,0,1,TKT97950,121.75,D128,C,84.31,20.85
40,1,1,"White, Mrs. William",female,13.7,1,0,TKT30827,64.99,E43,S,68.67,17.48
41,1,1,"White, Miss. Charles",female,,0,0,TKT62195,64.94,B86,Q,76.56,17.35
42,0,1,"White, Mrs. James",female,29.8,1,3,TKT29625,96.38,,C,89.81,19.85
43,1,1,"Martin, Mrs. Elizabeth",female,32.8,2,1,TKT92038,130.83,C87,S,95.9,23.29
44,0,1,"Anderson, Mr. George",male,25.3,1,0,TKT76249,119.38,C102,S,87.01,20.73
45,1,1,"Smith, Miss. James",female,35.6,4,0,TKT47335,47.44,F83,C,62.11,19.01
46,1,1,"White, Mrs. Margaret",female,63.8,1,0,TKT17232,77.08,B78,S,65.2,17.7
47,1,1,"Martin, Mr. John",male,20.3,2,0,TKT23742,57.08,A53,C,87.23,20.47
48,0,1,"Brown, Mr. Elizabeth",male,,1,0,TKT31843,76.97,C35,C,130.32,21.53
49,1,1,"Taylor, Mrs. James",female,,1,0,TKT46565,133.13,C95,C,117.19,21.31
50,1,1,"Brown, Miss. Sarah",female,62.2,1,0,TKT89729,42.32,F20,Q,80.8,17.12
51,1,1,"Harris, Mrs. John",female,,3,0,TKT20761,36.43,F59,C,68.93,22.5
52,0,1,"Harris, Mr. Anna",male,37.6,0,0,TKT61922,60.14,D25,C,75.56,21.57
53,1,1,"Harris, Mrs. Mary",female,32.4,1,0,TKT41258,93.62,D72,S,99.26,21.56
54,1,1,"Jackson, Mrs. Anna",female,,0,2,TKT14192,103.62,F6,Q,101.28,21.4
55,0,1,"White, Mrs. Margaret",female,34.7,2,0,TKT65738,98.12,E136,S,82.14,14.74
56,1,1,"Thomas, Mr. William",male,72.4,0,2,TKT73382,120.27,D115,C,65.68,18.81
57,1,1,"Smith, Miss. George",female,,1,0,TKT96352,32.11,F20,S,107.94,18.78
58,0,1,"Anderson, Dr. Margaret",male,26.1,1,0,TKT55600,120.65,C100,C,82.76,18.53
59,1,1,"Smith, Miss. Margaret",female,47.1,3,1,TKT39285,75.64,A35,S,72.53,18.98
60,1,1,"Smith, Mr. George",male,26.4,0,0,TKT86906,106.94,F61,C,47.81,15.13
61,0,1,"Anderson, Mrs. Anna",female,13.1,1,0,TKT32261,45.3,B24,C,96.25,22.38
62,1,1,"Smith, Miss. Elizabeth",female,52.3,1,0,TKT71418,85.15,B98,C,55.94,21.08
63,1,1,"Johnson, Miss. Elizabeth",female,54.2,3,0,TKT94904,92.09,,S,55.99,17.98
64,1,1,"Thomas, Mr. Margaret",male,52.6,2,0,TKT10400,119.67,A62,C,62.61,14.01
65,0,1,"Martin, Mr. Margaret",male,31.4,0,0,TKT93265,37.44,A35,C,102.33,19.7
66,0,1,"Anderson, Mrs. George",female,35.7,0,0,TKT28516,85.92,C34,S,102.89,18.38
67,1,1,"Jackson, Miss. Mary",female,48.5,0,0,TKT53341,52.44,B134,S,67.37,17.59
68,0,1,"White, Dr. George",male,43.5,3,0,TKT33216,100.16,B63,C,120.46,21.66
69,1,1,"Anderson, Mrs. William",female,32.5,0,0,TKT23005,108.32,,S,60.59,20.04
70,1,1,"Johnson, Mrs. Margaret",female,15.3,1,0,TKT73200,123.62,F62,S,0,19.02
71,1,1,"Martin, Miss. Mary",female,39.6,1,0,TKT53396,68.95,B64,C,81.56,16.95
72,0,1,"Taylor, Mr. John",male,53.1,0,0,TKT55837,112.82,,Q,117.81,25.31
73,0,1,"Smith, Mr. Mary",male,21.2,0,0,TKT53523,125.83,,S,99.43,20.93
74,1,1,"Jackson, Mr. James",male,,0,0,TKT77269,35.7,D30,C,91.86,20.85
75,0,1,"Johnson, Mr. John",male,,2,0,TKT96948,103.37,D105,C,53.78,17.09
76,1,1,"Jackson, Mrs. Mary",female,48.5,0,0,TKT56157,113.76,B17,C,93.86,18.32
77,1,1,"Taylor, Miss. Elizabeth",female,,0,0,TKT24003,77.24,B26,C,117.96,22.99
78,1,1,"Harris, Mrs. Anna",female,28.3,1,3,TKT39464,48.68,E77,S,56.39,22.41
79,0,1,"Brown, Mrs. John",female,15.4,0,2,TKT54642,113.29,F100,Q,62.52,20.73
80,1,1,"White, Mrs. Anna",female,,2,0,TKT19329,49.01,,S,102.71,18.95
81,1,1,"Taylor, Mrs. John",female,50.4,0,0,TKT30619,79.65,F102,C,106.45,20.83
82,0,1,"Harris, Miss. Sarah",female,30.4,0,0,TKT28235,83.8,C7,C,44.37,12.9
83,1,1,"Anderson, Mr. James",male,28.3,0,1,TKT97565,106.47,B8,C,71.79,16.02
84,1,1,"Jackson, Miss. Margaret",female,,0,1,TKT46069,66.2,D24,S,53.66,17.78
85,1,1,"Thomas, Mrs. John",female,62.5,0,0,TKT89113,64.46,,C,81.29,19.86
86,0,1,"Johnson, Mr. John",male,49.6,1,0,TKT59630,87.97,F134,Q,85.34,21.87
87,1,1,"Anderson, Mr. George",male,48.8,0,0,TKT55547,115.19,D33,S,102.32,18.78
88,1,1,"Thomas, Mr. Elizabeth",male,51.5,0,1,TKT94476,153.62,B36,C,101.54,23.01
89,0,1,"Johnson, Mr. Sarah",male,46.1,0,1,TKT72275,39.78,C10,,43.24,15.8
90,1,1,"Brown, Mr. Anna",male,34.6,0,0,TKT31574,94.46,C110,S,76.39,20.27
91,1,1,"Brown, Dr. Charles",female,35.7,3,0,TKT35347,52.4,,S,48.08,16.58
92,0,1,"Harris, Miss. John",female,32,0,0,TKT69946,115.56,E64,S,72.04,22.28
93,1,1,"Anderson, Mr. Anna",male,74.9,4,0,TKT10201,56.84,,C,49.44,20.83
94,0,1,"Thomas, Mrs. Charles",female,45.8,0,2,TKT23728,64.76,C7,S,89.25,17.17
95,1,1,"Taylor, Dr. Sarah",female,31.5,0,0,TKT16689,67.32,C95,C,84.76,25.53
96,0,1,"Brown, Miss. George",female,,0,0,TKT74237,82.71,F48,S,44.56,14.91
97,1,1,"Taylor, Mrs. Elizabeth",female,23.8,0,0,TKT49720,94.7,,C,66.99,22.76
98,1,1,"Harris, Mrs. Margaret",female,59.1,1,0,TKT11020,99.51,A143,S,111.49,20.93
99,1,1,"Smith, Mrs. John",female,28.7,0,1,TKT76748,84.83,,S,69.38,17.3
100,0,1,"Taylor, Mr. George",male,,0,0,TKT69032,45.1,,C,79.73,19.29
101,0,1,"Smith, Mr. Margaret",male,,1,1,TKT74676,106.83,,C,52.93,20.86
102,1,1,"Harris, Miss. George",female,,1,0,TKT24689,83.41,E84,S,67.6,20.3
103,0,1,"White, Mr. Anna",male,39.3,3,0,TKT88743,119.85,B53,C,120.13,24.61
104,1,1,"Jackson, Miss. Margaret",female,,3,0,TKT26229,63.77,E104,S,110.18,19.76
105,0,1,"Smith, Mr. James",male,,1,0,TKT61377,36.93,F55,S,99.74,21.22
106,0,1,"Anderson, Mr. Margaret",male,29.9,1,0,TKT60301,83.98,,C,75.54,15.17
107,0,1,"Thomas, Mrs. Charles",female,31.7,1,0,TKT29684,123.88,E49,S,83.04,18.7
108,1,1,"Smith, Dr. Anna",male,58.7,0,0,TKT43786,89.83,,S,71.64,21.91
109,0,1,"Brown, Mr. Charles",male,36.5,1,0,TKT14697,79.01,,S,49.71,20.25
110,1,1,"Martin, Mr. Anna",male,,0,0,TKT52416,58.89,,C,89.5,18.84
111,1,1,"Johnson, Rev. John",male,30.8,1,0,TKT70939,137.73,,C,79.09,20.47
112,0,1,"Taylor, Rev. John",male,53.4,3,1,TKT37799,54.11,B17,C,87.62,17.41
113,1,1,"Anderson, Mrs. George",female,47.5,0,2,TKT58398,63.24,,Q,72.84,19.66
114,0,1,"Harris, Mr. Charles",male,45.8,1,0,TKT95811,102.1,,S,2.41,16.1
115,0,1,"Brown, Mr. Mary",male,34.4,3,1,TKT31115,29.32,,S,98.65,21.23
116,1,1,"Jackson, Rev. John",male,46,0,1,TKT36158,123.24,,C,114.95,22.3
117,1,1,"Smith, Miss. William",female,29,0,3,TKT20799,103.73,F135,S,55.92,20.6
118,0,1,"White, Mr. James",male,34.4,3,0,TKT58783,111.98,D28,S,100.73,20.35
119,1,1,"Martin, Mrs. George",female,51.6,3,0,TKT28345,101.74,E29,S,123.55,24.68
120,1,1,"Martin, Rev. James",male,50.2,0,0,TKT86891,80.17,B38,C,105.97,21.38
121,1,1,"Anderson, Mrs. William",female,24.3,0,1,TKT36184,53.11,D124,S,96.7,21.59
122,1,1,"Harris, Mr. Anna",male,26,1,0,TKT69775,80.8,E2,C,132.01,21.68
123,0,1,"Smith, Mr. Elizabeth",male,39.5,0,0,TKT27029,55.74,A109,C,50.23,12.18
124,1,1,"Harris, Miss. Mary",female,62.2,0,0,TKT39049,99.58,D11,Q,76.86,25.14
125,1,1,"Harris, Miss. James",female,11.2,0,0,TKT25407,109.2,F120,S,32.89,10.4
126,1,1,"Anderson, Dr. Margaret",female,,0,1,TKT59718,129.3,F87,C,80.8,20.99
127,1,1,"Jackson, Mr. Mary",male,18.7,0,0,TKT12499,96.15,E64,S,54.63,13.65
128,1,1,"White, Mr. Mary",male,29.1,1,0,TKT17469,112.74,B138,Q,72.79,21.35
129,1,1,"Johnson, Mrs. James",female,32.9,1,0,TKT55127,76.09,,C,73.41,17.85
130,1,1,"White, Miss. James",female,32.1,1,0,TKT59111,70.65,B35,,97.63,17.74
131,1,1,"Jackson, Mrs. George",female,30.5,0,0,TKT39674,99.21,,C,85.8,19.72
132,1,1,"Jackson, Miss. James",female,,0,1,TKT48824,73.41,B60,C,79.81,18.09
133,0,1,"Taylor, Dr. Mary",male,30.5,0,3,TKT47483,93.08,,C,55.16,19.91
134,1,1,"Johnson, Mr. Charles",male,17.5,0,0,TKT78213,53.16,D2,S,69.96,19.68
135,1,1,"Martin, Mrs. William",female,48.9,0,0,TKT50180,58.55,,C,76.48,19.4
136,1,1,"Thomas, Mr. William",male,48.5,0,0,TKT86310,104.06,E99,C,88.34,21.84
137,1,1,"White, Dr. William",female,,0,0,TKT29532,111.6,B97,S,53.18,23.02
138,1,1,"Thomas, Mr. George",male,16.4,0,0,TKT27965,55.43,,S,40.52,16.17
139,0,1,"Jackson, Miss. John",female,42.2,1,0,TKT46334,105.12,,S,107.2,19.73
140,1,1,"Thomas, Mr. Anna",male,47.5,1,0,TKT17338,69.02,B15,S,49.89,16.94
141,0,1,"Brown, Mr. James",male,23.6,3,0,TKT70394,85.5,B18,C,89.73,15.62
142,0,1,"White, Miss. Anna",female,38.1,1,0,TKT45149,127.51,,C,52.87,17.9
143,1,1,"Thomas, Mr. Sarah",male,36.4,0,1,TKT42975,109.22,,S,106.23,21.59
144,0,1,"Anderson, Mr. Margaret",male,,0,0,TKT58073,108.88,A76,S,71.51,18.95
145,1,1,"Martin, Mrs. Anna",female,64.9,0,0,TKT17389,142.26,,C,84.85,20.1
146,1,1,"Brown, Mrs. George",female,14.7,0,2,TKT43911,63.88,E123,C,80.8,20.4
147,0,1,"Smith, Mr. Mary",male,72.9,0,0,TKT97498,55.42,E55,C,79.8,11.85
148,1,1,"Brown, Mrs. Sarah",female,25.2,0,0,TKT66569,63.34,,C,80.19,20.4
149,0,1,"Jackson, Miss. George",female,51.7,0,0,TKT61657,77.36,F14,,76.2,18.21
150,1,1,"Johnson, Dr. John",female,51.6,0,0,TKT55508,14.36,F57,S,109.38,24.46
151,1,1,"Jackson, Rev. Elizabeth",male,24.1,1,0,TKT52184,78.78,E115,C,61.55,12.81
152,1,1,"Brown, Miss. John",female,44.9,2,0,TKT94295,68.66,,S,64.03,16.85
153,1,1,"Taylor, Mrs. Elizabeth",female,36.5,1,0,TKT93731,108.51,D22,S,92.09,18.05
154,1,1,"Thomas, Mr. John",male,45.8,1,0,TKT46844,95.57,,C,68.03,22.39
155,1,1,"Johnson, Miss. William",female,41.2,0,0,TKT93224,66.98,A44,C,43.82,20.75
156,1,1,"White, Mr. Elizabeth",male,54.7,0,0,TKT17424,102.7,B101,S,47.95,17.25
157,1,1,"Anderson, Mrs. Mary",female,39.1,1,0,TKT38773,106.7,B10,C,36.36,15.82
158,0,1,"Smith, Mr. Anna",male,35.6,0,0,TKT37173,61.94,D9,S,64.36,16.99
159,1,1,"Brown, Mr. Margaret",male,53.3,0,1,TKT72752,70.21,D111,S,84.99,18.28
160,1,1,"Anderson, Miss. Margaret",female,46.1,0,0,TKT64529,18.24,F66,S,72.17,15.21
161,0,1,"Thomas, Mr. George",male,48.2,3,0,TKT52534,52.28,,Q,63.96,17.27
162,1,1,"Martin, Miss. Sarah",female,28.7,1,0,TKT33042,62.73,E128,S,44.14,17.75
163,0,1,"Anderson, Mrs. Charles",female,23.4,0,0,TKT55617,87.22,A53,S,31.11,16.08
164,0,1,"Jackson, Miss. William",female,30.1,1,2,TKT34208,56.64,D23,C,110.57,23.38
165,1,1,"Taylor, Mr. Margaret",male,,0,0,TKT54772,69.6,,S,108.08,21.68
166,1,1,"Harris, Mrs. George",female,49,0,0,TKT40561,48.24,F74,S,38.62,16.72
167,1,1,"Taylor, Mrs. Margaret",female,51.7,0,2,TKT89975,90.13,F79,Q,104.64,19.72
168,1,1,"Brown, Mrs. John",female,35.8,0,1,TKT77152,97.77,,S,92.23,17.56
169,1,1,"Smith, Mrs. William",female,58,1,0,TKT25774,97.07,,C,87.37,21.7
170,1,1,"Harris, Mrs. John",female,57.2,0,0,TKT94611,85.37,,S,46.26,17.57
171,0,1,"Taylor, Mrs. Mary",female,41.4,1,0,TKT69289,38.77,,S,120.61,25.77
172,1,1,"Jackson, Miss. Margaret",female,26.5,0,0,TKT41533,66.4,F53,S,70.88,19.99
173,1,1,"Martin, Miss. George",female,,1,0,TKT57740,72.78,A41,S,70.5,12.27
174,1,1,"Brown, Mr. John",male,,1,0,TKT27593,72.9,E131,S,82.22,21.93
175,0,1,"Harris, Mrs. Charles",female,39.8,1,1,TKT14214,87.25,,S,91.33,25.8
176,0,1,"Harris, Mr. Charles",male,33.2,0,0,TKT47856,127.77,,C,59.36,19.92
177,0,1,"White, Miss. Mary",female,25.5,3,0,TKT80395,109.36,F84,C,78.99,22.23
178,0,1,"White, Miss. Mary",female,17.4,0,0,TKT41665,55.37,,S,52.77,17.2
179,1,1,"Taylor, Dr. William",female,46.9,1,0,TKT44582,105.35,A117,Q,69.37,19.36
180,1,1,"Smith, Dr. George",female,27,1,0,TKT99101,104.21,B8,S,97.09,21.47
181,1,1,"Harris, Miss. Mary",female,80,0,1,TKT98851,60.82,,C,75.86,20.51
182,0,1,"Jackson, Mr. James",male,22.8,0,0,TKT51747,110.47,,C,70.45,15.37
183,1,1,"Anderson, Mrs. George",female,20.4,0,0,TKT13976,80.19,,C,61.46,22.14
184,1,1,"Johnson, Miss. Mary",female,45.1,0,0,TKT71134,42.7,B61,S,103.14,20.13
185,0,1,"Taylor, Mr. George",male,59.4,0,0,TKT74323,98.66,E14,S,62.79,20.33
186,1,1,"Thomas, Miss. John",female,,0,0,TKT92240,91.51,,Q,60.59,21.56
187,0,1,"Martin, Mrs. James",female,46,0,2,TKT95323,78.17,D115,C,49.43,18.68
188,1,1,"Jackson, Mrs. Elizabeth",female,12.2,0,0,TKT66614,83.88,B118,S,36.9,21.74
189,1,1,"Johnson, Mrs. James",female,28.5,1,0,TKT19641,63.43,F20,S,107.01,16.94
190,1,1,"Anderson, Mrs. Margaret",female,23,0,3,TKT32443,103.3,B42,C,50.51,14.78
191,0,1,"Jackson, Mr. George",male,11.5,1,0,TKT74500,83.7,,Q,58.86,21.29
192,0,1,"Harris, Mr. George",male,39.6,0,2,TKT64666,89.99,D83,S,126.12,21.62
193,1,1,"Harris, Mrs. Elizabeth",female,6.6,0,0,TKT49237,95.71,D127,C,120.33,22.33
194,0,1,"Johnson, Mr. Charles",male,19.5,0,0,TKT46168,50.36,E131,C,61.97,19.24
195,0,1,"Smith, Dr. James",male,30.5,1,2,TKT73858,58.17,B96,S,89.72,16.65
196,1,1,"Smith, Miss. William",female,26.4,0,0,TKT48011,18.7,C148,S,124.15,25.43
197,0,1,"Smith, Mr. Mary",male,43.5,3,0,TKT23930,101.94,E127,S,81.43,21.43
198,1,1,"Anderson, Mr. George",male,42.3,0,0,TKT98138,48.63,B87,S,61.46,17.98
199,0,1,"White, Mr. Margaret",male,50.5,0,0,TKT41444,88.98,,C,59.13,17.97
200,0,1,"Thomas, Mr. George",male,48.5,0,0,TKT35072,96.13,,S,75.6,17.1
201,1,1,"Jackson, Miss. George",female,54,1,0,TKT16238,103.07,F61,Q,78.76,20.29
202,0,1,"Anderson, Mrs. James",female,,0,0,TKT52203,48.88,,C,65.74,16.86
203,1,1,"Johnson, Miss. William",female,42.2,0,0,TKT98757,83.05,,S,70.25,17.81
204,0,1,"Jackson, Mrs. Margaret",female,45.2,0,0,TKT24387,135.11,F34,C,69.52,21.11
205,1,1,"Anderson, Mrs. John",female,40,0,0,TKT32022,136.43,A3,C,134.68,22.54
206,1,1,"Jackson, Mr. Sarah",male,32.4,0,0,TKT26068,114.62,E37,C,137.3,19.64
207,1,1,"Thomas, Miss. John",female,33.3,4,0,TKT18464,95.12,C50,S,82,22.4
208,1,1,"Smith, Miss. Anna",female,26.6,0,0,TKT64312,54.85,,C,80.9,20.55
209,0,1,"Harris, Mr. John",male,43.9,0,0,TKT36836,106.56,F15,C,38.55,18.85
210,0,1,"White, Miss. Elizabeth",female,36.7,3,0,TKT77590,80.26,,S,61.93,21.8
211,1,1,"Smith, Mrs. James",female,28.7,0,0,TKT46057,101.82,C124,C,86.23,18
212,0,1,"Smith, Mr. Anna",male,28.7,0,0,TKT67280,66.01,F91,S,108.38,18.73
213,1,1,"Johnson, Miss. Sarah",female,21.1,1,0,TKT18045,79.81,D62,Q,100.25,21.21
214,1,1,"Smith, Miss. Mary",female,51.7,2,3,TKT39635,89.92,,C,39.44,20.17
215,1,1,"White, Miss. William",female,39.1,1,2,TKT47263,92.39,,C,100.9,23.62
216,0,1,"Brown, Mr. Elizabeth",male,,0,0,TKT15365,99.81,D72,Q,92.87,22.88
217,1,1,"Smith, Mrs. George",female,49.3,3,2,TKT47735,67.62,F33,C,103.32,17.02
218,1,1,"Brown, Dr. John",female,,0,1,TKT52323,44.7,B27,C,66.2,16.26
219,1,1,"Anderson, Miss. George",female,18.3,4,0,TKT46345,133.74,B30,Q,101.97,19.22
220,0,1,"Taylor, Mrs. Margaret",female,52.3,2,1,TKT55383,159.68,E77,S,85.56,21.84
221,0,1,"Smith, Mr. George",male,30.5,3,0,TKT81750,98.42,A9,S,77.3,20.52
222,1,1,"Johnson, Mrs. Elizabeth",female,32.3,0,0,TKT79357,45.28,,S,53.52,20.67
223,1,1,"Thomas, Mr. Elizabeth",male,38.6,0,0,TKT11269,61.8,F120,Q,103.19,18.1
224,0,1,"Johnson, Dr. George",female,54,1,0,TKT67625,100.27,,S,59.91,16.33
225,1,1,"Smith, Miss. Charles",female,38.3,0,0,TKT91366,125.23,,S,49.93,17.32
226,0,1,"Martin, Dr. Elizabeth",male,21.2,0,2,TKT88412,48.61,C72,S,75.86,20.4
227,0,1,"Smith, Mrs. Charles",female,45.6,3,0,TKT39101,81.27,,S,11.48,17.84
228,1,1,"Harris, Mrs. William",female,31.2,1,0,TKT80467,90.88,E16,S,74.13,19.6
229,1,1,"White, Mr. Charles",male,64.4,0,0,TKT82086,110.94,F69,C,66.2,15.51
230,1,1,"Anderson, Mrs. Margaret",female,38,0,0,TKT42928,74.69,A46,S,71.08,18.65
231,0,1,"Jackson, Mrs. James",female,6.7,0,1,TKT88222,38.09,,S,81.65,17.45
232,1,1,"Smith, Mr. James",male,43,0,1,TKT66899,103.64,F69,C,136.21,20.32
233,0,1,"Anderson, Mrs. William",female,65.2,0,0,TKT77599,118.74,D33,C,106.21,21.63
234,1,1,"Harris, Miss. John",female,60.1,1,0,TKT77255,82.52,B122,S,59.16,23.27
235,0,1,"Thomas, Mrs. Sarah",female,,1,0,TKT80320,97.16,A126,C,67.06,15.26
236,1,1,"Taylor, Mrs. Anna",female,23.7,0,0,TKT96118,70.77,,C,75.58,18.02
237,1,1,"Smith, Miss. Elizabeth",female,50.8,0,1,TKT87166,59.63,A134,C,81.05,20.53
238,1,1,"Martin, Mr. Elizabeth",male,,1,0,TKT48011,115.79,A89,C,69.17,17.45
239,1,1,"Johnson, Miss. Charles",female,41.1,1,0,TKT60584,96.62,,S,70.19,15.08
240,1,1,"White, Mr. Elizabeth",male,20.2,2,0,TKT68344,99.71,D53,C,44.71,23.54
241,0,1,"Anderson, Miss. Sarah",female,,0,0,TKT87088,130.06,D117,C,54.94,21.19
242,1,1,"Brown, Miss. Elizabeth",female,28.5,1,0,TKT45339,53.35,,S,68.38,20.2
243,0,1,"Anderson, Miss. Elizabeth",female,50.6,0,0,TKT38167,68.44,,C,80.88,19.41
244,1,1,"Thomas, Mr. George",male,49.2,0,0,TKT76403,89.74,E114,C,88.09,22.16
245,1,1,"Harris, Miss. Margaret",female,,2,0,TKT95874,68.07,C114,S,86.6,22.7
246,0,1,"Harris, Mrs. John",female,19.1,0,2,TKT92078,108.49,E123,S,50.74,17.37
247,0,1,"Anderson, Mr. Elizabeth",male,33.6,0,0,TKT23315,79.38,F136,S,77.7,20.95
248,0,1,"Harris, Mr. Charles",male,27.6,0,0,TKT92729,55.22,F67,S,72.09,21.76
249,0,1,"White, Mrs. Anna",female,50.2,0,0,TKT81026,86.97,A143,Q,119.27,23.62
250,0,1,"Brown, Mr. Margaret",male,54.5,0,0,TKT24137,90.11,E113,C,137.14,22.22
251,0,1,"Anderson, Miss. Mary",female,,1,0,TKT10589,113.04,,S,38.38,17.49
252,1,1,"Brown, Mrs. John",female,27.4,0,0,TKT28368,96.79,F92,S,111.22,19.01
253,1,1,"Anderson, Mrs. Elizabeth",female,0.5,0,0,TKT93647,98.83,C101,C,145.07,26.15
254,1,1,"Taylor, Mrs. Sarah",female,,2,0,TKT77942,94.61,,Q,22.57,14.11
255,0,1,"White, Mrs. Mary",female,57.9,0,0,TKT61777,79.35,,C,83.16,21.66
256,0,1,"Harris, Mr. Margaret",male,32.4,3,0,TKT66790,63.51,B12,S,113.25,23
257,1,1,"White, Mrs. Margaret",female,27.5,0,0,TKT47198,93.67,B83,S,76.62,19.15
258,0,1,"White, Mr. Margaret",male,61,0,0,TKT91458,75.01,B112,S,57.05,18.07
259,1,1,"Johnson, Mr. Charles",male,,0,0,TKT24060,135.69,D76,C,72.57,16.78
260,0,1,"Harris, Mr. George",male,38.3,1,0,TKT38241,125.27,C141,Q,38.67,19.8
261,1,1,"Smith, Mr. Margaret",male,33.9,0,1,TKT28053,103.99,F16,S,108.6,20.6
262,1,1,"Jackson, Mr. Sarah",male,36.2,2,2,TKT86321,96.35,,,52.65,15.87
263,0,1,"Smith, Rev. William",male,41.2,0,0,TKT58604,82.36,A44,,54.42,15.31
264,1,1,"Thomas, Miss. William",female,60.4,0,0,TKT71539,47.17,,S,46.14,16.07
265,1,1,"Thomas, Miss. Charles",female,43.9,0,0,TKT92747,78.51,B12,C,52.57,21.31
266,0,1,"Brown, Mrs. Elizabeth",female,48.2,0,1,TKT27590,88.04,,S,96.83,18.98
267,0,1,"Smith, Mrs. Margaret",female,54.4,0,0,TKT96797,91.88,A23,S,81.05,21.36
268,1,1,"Johnson, Miss. Anna",female,21.6,0,1,TKT21384,99.09,F100,C,101.57,24.46
269,1,1,"Martin, Mr. William",male,48.6,0,0,TKT77885,112.64,D65,S,74.13,22.66
270,1,1,"Martin, Miss. Charles",female,33.9,1,0,TKT73244,64.24,B132,C,136.46,24.34
271,1,1,"White, Mr. Margaret",male,2.8,0,0,TKT84286,64.51,F9,Q,122.48,22.49
272,1,1,"Brown, Mrs. Charles",female,8.2,0,0,TKT24261,128.53,B110,S,74.76,18.63
273,1,1,"Harris, Mrs. William",female,23.7,0,1,TKT96390,108.13,A74,C,84.76,19.92
274,0,1,"Johnson, Miss. Charles",female,45.4,0,0,TKT81488,73.28,A128,S,86.11,17.46
275,0,1,"Jackson, Dr. Margaret",female,39.6,0,0,TKT19957,81.78,B70,,54.76,18.78
276,0,1,"Thomas, Miss. George",female,,0,0,TKT60137,81.92,D95,Q,62.68,19.42
277,1,1,"Harris, Mrs. William",female,65.3,0,0,TKT83553,85.95,F49,C,45.86,21.94
278,1,1,"Martin, Miss. Charles",female,20.2,2,0,TKT52917,99.18,A53,S,83.22,19.27
279,1,1,"Brown, Mrs. Sarah",female,,0,0,TKT44281,161.05,,Q,105.99,19.83
280,1,1,"Jackson, Mrs. George",female,42.3,0,0,TKT34797,90.69,D8,C,114.23,21.28
281,1,1,"Taylor, Miss. George",female,27.7,2,0,TKT56433,104.88,E1,S,74.8,20.23
282,0,1,"White, Dr. William",female,38.4,0,1,TKT98545,34.41,E64,C,86.17,18.22
283,1,1,"Johnson, Mrs. Charles",female,15.6,0,0,TKT64675,70.45,D44,S,49.83,18.41
284,1,1,"Anderson, Mrs. Margaret",female,57.7,3,1,TKT74994,121.86,A110,C,89.06,18.92
285,1,1,"Brown, Mrs. Elizabeth",female,28.5,3,1,TKT80165,97.07,E54,Q,63.98,18.44
286,0,1,"Martin, Mrs. George",female,66.4,1,0,TKT80024,3,B113,C,108.05,23.07
287,1,1,"Martin, Mr. Margaret",male,37.5,0,0,TKT46040,105.22,,C,83.54,17.48
288,0,1,"White, Dr. Charles",male,52.4,0,2,TKT79183,142.54,,S,92.01,16.8
289,1,1,"Taylor, Mr. Margaret",male,37.3,4,0,TKT39523,25.12,,S,34.51,18.1
290,1,1,"Anderson, Miss. John",female,37.6,3,0,TKT62560,130.58,,S,78.15,20.73
291,0,1,"White, Mrs. Charles",female,29.8,0,0,TKT37220,3,F128,S,141.44,23.8
292,1,1,"Martin, Mrs. Margaret",female,39.7,0,0,TKT94571,113.14,E126,C,97.09,18.61
293,0,1,"Johnson, Mr. Sarah",male,42.5,0,0,TKT75712,84.74,,S,37.78,20.83
294,1,1,"Martin, Mr. Elizabeth",male,27,0,1,TKT62543,14.5,D106,C,112.19,21.19
295,0,1,"Brown, Mr. Mary",male,36.2,1,0,TKT50635,98.38,B12,C,52.45,21.43
296,0,1,"Harris, Mr. Margaret",male,,0,1,TKT56803,119.53,F71,Q,99.44,22.99
297,0,1,"Anderson, Miss. Elizabeth",female,70.2,0,0,TKT80190,95.92,B133,S,61.12,12.39
298,0,1,"Taylor, Mr. James",male,36.7,0,0,TKT34633,102.54,,C,109.11,22.1
299,0,1,"Jackson, Mr. George",male,,0,0,TKT84561,72.65,,C,77.98,22.1
300,1,1,"Brown, Miss. Mary",female,35.3,0,0,TKT35355,29.16,A127,Q,94.99,16.17
301,1,2,"Taylor, Mr. Anna",male,33.6,0,0,TKT22745,36.15,,S,153.67,7
302,0,2,"Taylor, Miss. Margaret",female,11.5,0,0,TKT76318,40.65,,C,135.46,4.57
303,0,2,"Harris, Mr. George",male,23.7,3,0,TKT73750,22.8,,S,165.25,12.66
304,1,2,"White, Mr. William",male,,0,0,TKT40128,27.53,,Q,131.68,8.18
305,0,2,"Martin, Miss. James",female,52.2,0,0,TKT68388,27.63,,S,191.52,15.88
306,1,2,"Harris, Mr. Margaret",male,33.1,0,0,TKT75583,48.26,G92,S,179.9,13.31
307,1,2,"Johnson, Mrs. John",female,49.4,0,0,TKT80904,3,,S,186.39,14.9
308,0,2,"White, Mr. Margaret",male,39,0,0,TKT95742,16.52,,S,197.58,9.73
309,0,2,"White, Mr. John",male,52.8,0,0,TKT86891,28.07,,S,136.09,7.94
310,0,2,"Jackson, Mr. Charles",male,29.2,0,0,TKT49537,14.97,,S,150.67,14.32
311,1,2,"Martin, Mr. Margaret",male,63.5,0,0,TKT30721,24.9,E149,C,168.19,11.1
312,1,2,"White, Mrs. George",female,23.2,1,0,TKT18759,26.49,,S,160.48,7.68
313,0,2,"Taylor, Mrs. Margaret",female,19.3,0,0,TKT61641,20.11,,Q,154.1,7.22
314,1,2,"Johnson, Miss. William",female,13.1,0,0,TKT69988,28.77,,S,146.97,13.53
315,0,2,"Smith, Miss. Anna",female,62.6,0,0,TKT72178,35.54,,S,220.84,8.31
316,1,2,"Smith, Miss. Anna",female,41.5,0,0,TKT10857,25.16,,S,78.12,9.55
317,1,2,"Johnson, Miss. Margaret",female,25.3,0,1,TKT73121,22.56,,S,197.62,7.26
318,1,2,"Anderson, Mrs. John",female,47.5,0,1,TKT80829,26.01,,C,169.83,10.09
319,1,2,"Jackson, Miss. Charles",female,,0,0,TKT74957,27.91,G4,C,179.56,8.15
320,1,2,"Brown, Dr. Mary",male,57.5,0,0,TKT57308,7.12,,C,135.09,8.89
321,0,2,"Martin, Miss. Sarah",female,8.3,4,0,TKT11365,33.54,D108,S,184.26,15.6
322,0,2,"Anderson, Mr. Margaret",male,26.3,4,3,TKT54075,22.59,F90,Q,103.68,3.69
323,1,2,"Brown, Mrs. Margaret",female,23.5,3,0,TKT68026,43.14,,S,168.28,10.45
324,1,2,"Martin, Miss. Anna",female,,0,0,TKT61249,35.09,D8,C,168.93,4.51
325,1,2,"Thomas, Mr. Anna",male,44.8,0,0,TKT61712,42.04,,S,159.56,8.43
326,1,2,"Smith, Mrs. Margaret",female,26.2,0,0,TKT56476,15.87,,C,114.14,3.67
327,0,2,"White, Miss. Margaret",female,40.4,0,0,TKT59681,23.54,E96,Q,132.95,2.46
328,0,2,"Johnson, Mr. Margaret",male,63,0,0,TKT39139,13.09,G98,C,138.06,8.48
329,0,2,"Taylor, Miss. Margaret",female,25.1,0,0,TKT64445,19.54,,C,176.66,12.69
330,1,2,"Martin, Miss. Margaret",female,,0,0,TKT35335,43.03,,S,132.33,5.34
331,1,2,"Martin, Dr. William",male,31.7,0,1,TKT54232,45.85,G119,S,200.24,14.85
332,0,2,"Taylor, Mrs. James",female,43.8,0,1,TKT47376,14.22,,C,185.5,11.81
333,0,2,"Thomas, Mr. Sarah",male,22.1,1,0,TKT74277,22.5,E42,S,185.97,6.7
334,1,2,"Jackson, Miss. Anna",female,,0,0,TKT90540,27.09,E20,C,190.64,15.56
335,0,2,"Harris, Mr. William",male,,2,0,TKT66993,35.03,,C,210.23,6.43
336,1,2,"Jackson, Mr. Anna",male,35.3,0,1,TKT22183,6.88,F96,C,133.84,7.78
337,0,2,"Brown, Mr. Mary",male,1.4,0,0,TKT70074,8.76,,S,195.79,9.38
338,0,2,"Harris, Mr. Margaret",male,12.8,0,0,TKT39228,33.88,E144,Q,131.38,7.77
339,1,2,"Harris, Miss. Margaret",female,51,0,1,TKT14454,4.61,G89,S,91.61,3.15
340,1,2,"Anderson, Mr. John",male,,0,0,TKT27306,22.64,,S,150.54,8.17
341,1,2,"Martin, Miss. George",female,19.3,0,0,TKT99942,29.95,,S,127.61,8.35
342,1,2,"Jackson, Mr. John",male,27.6,0,0,TKT48441,32.99,,S,134.39,4.84
343,0,2,"Harris, Mr. Margaret",male,30.2,0,0,TKT28154,26.3,,Q,175.93,10.11
344,0,2,"Martin, Miss. William",female,40.3,0,0,TKT22014,23.61,,S,114.81,10.09
345,0,2,"Harris, Mr. Mary",male,11,3,0,TKT68529,38.13,F34,Q,175.68,10.29
346,1,2,"Johnson, Mrs. Anna",female,18.2,0,2,TKT78470,31.42,G106,S,153.59,8.25
347,0,2,"Anderson, Dr. Mary",male,,0,0,TKT41782,20.24,E79,S,168.53,2.49
348,0,2,"Smith, Mr. Anna",male,28.6,0,1,TKT19311,28.45,,S,190.38,10.74
349,0,2,"Jackson, Miss. Elizabeth",female,,0,1,TKT41919,32.6,,S,230.52,14.99
350,1,2,"White, Mr. Mary",male,12.8,0,0,TKT69872,48.62,E83,S,183.64,12.11
351,0,2,"White, Mr. John",male,35,0,2,TKT20259,37.44,,Q,133.6,5.79
352,1,2,"White, Mrs. Charles",female,45.3,1,0,TKT34093,42.57,,Q,184.31,12.74
353,1,2,"Thomas, Mr. Anna",male,,0,0,TKT10180,20.67,,S,146.46,4.6
354,0,2,"Martin, Miss. Charles",female,31.9,0,0,TKT52496,21.71,G129,Q,171.83,13.54
355,1,2,"Taylor, Mr. Elizabeth",male,28.7,0,0,TKT25348,25.18,,S,153.23,11.59
356,1,2,"Jackson, Miss. Charles",female,18.3,2,1,TKT27998,26.28,,S,147.2,11.05
357,1,2,"Taylor, Mr. Margaret",male,29,1,0,TKT20169,15.9,,C,183.73,12.84
358,0,2,"Harris, Dr. William",male,47.6,3,0,TKT75719,43.19,,C,181.66,8.02
359,1,2,"Taylor, Mrs. Elizabeth",female,28.3,1,0,TKT54054,38.6,E135,C,186.2,15.79
360,1,2,"Johnson, Miss. William",female,,1,0,TKT95343,24.33,,C,182.18,8.82
361,0,2,"Johnson, Rev. Anna",male,23.1,0,0,TKT45553,35.7,,Q,142.69,12.11
362,1,2,"Anderson, Mr. Charles",male,32.8,2,0,TKT29956,30.67,E71,C,237.74,13.86
363,0,2,"Johnson, Miss. Mary",female,24.8,0,1,TKT28368,36.64,G14,S,158.24,15.29
364,1,2,"Harris, Miss. James",female,36.8,0,0,TKT95782,11.87,,S,138.78,10.26
365,1,2,"Jackson, Miss. Elizabeth",female,37.3,1,1,TKT63074,26.25,D95,S,203.41,11.07
366,0,2,"Thomas, Mr. Anna",male,,0,0,TKT39274,27.3,,C,145.57,8.41
367,0,2,"Johnson, Mr. Sarah",male,49.9,0,0,TKT68874,35.48,,S,146.83,7.64
368,0,2,"Martin, Mr. Elizabeth",male,43.9,0,0,TKT60205,20.46,,S,148.27,9.12
369,1,2,"Martin, Mr. Mary",male,16.9,0,0,TKT20330,3,,S,125.78,8.82
370,0,2,"Jackson, Mr. Margaret",male,17.4,2,0,TKT73142,15.02,,C,232.78,10.4
371,1,2,"Smith, Miss. James",female,28.9,0,0,TKT20726,27.27,D35,S,114.32,8.85
372,0,2,"Brown, Mrs. Mary",female,,1,0,TKT27933,28.77,,C,211.83,9.3
373,1,2,"Brown, Dr. Charles",male,,0,1,TKT74198,48.2,,S,140.85,11.14
374,1,2,"Anderson, Rev. Elizabeth",male,23.8,1,0,TKT50028,34.99,,S,104.76,5.13
375,1,2,"Thomas, Miss. John",female,23.4,0,0,TKT29994,28.98,,S,180.71,9.13
376,1,2,"Jackson, Miss. George",female,20.6,3,3,TKT16104,27.61,,S,161.98,9.08
377,0,2,"Johnson, Mr. Mary",male,25.6,0,0,TKT63428,41.25,,C,151.49,16.68
378,0,2,"Brown, Miss. George",female,46.5,0,1,TKT72734,20.92,G101,Q,95.53,6.34
379,1,2,"Martin, Dr. James",female,32.8,0,0,TKT28274,26.32,,S,167.52,14.13
380,0,2,"Harris, Mr. George",male,64.6,0,1,TKT47495,14.93,E24,S,134.85,8.55
381,0,2,"Martin, Mrs. Margaret",female,32.4,0,0,TKT40981,45.03,E90,S,116.63,7.04
382,1,2,"Harris, Mr. James",male,25.9,1,0,TKT90247,32.71,,C,129.35,8.61
383,1,2,"White, Mrs. Charles",female,30.1,3,0,TKT81180,19.51,,Q,176.61,5.25
384,0,2,"Martin, Mrs. Sarah",female,33.6,1,1,TKT34658,26.63,,S,164.14,8.37
385,1,2,"Jackson, Mr. Sarah",male,36.1,0,0,TKT56219,34.12,F77,C,163.76,16.8
386,1,2,"Thomas, Mrs. John",female,59.1,0,3,TKT93123,24.99,E106,S,93.49,6.94
387,1,2,"Harris, Mr. Anna",male,18.2,1,0,TKT41116,21.59,E145,C,130.48,11.45
388,1,2,"Smith, Miss. John",female,42,2,0,TKT22693,20.15,,S,154.24,10.03
389,0,2,"White, Mr. Sarah",male,,0,1,TKT36848,32.07,D21,S,178.89,13.79
390,0,2,"Jackson, Mr. George",male,,3,0,TKT64626,23.7,,C,176.21,7.03
391,0,2,"Taylor, Mr. George",male,,0,0,TKT99305,22.55,,S,160.17,9.69
392,1,2,"Taylor, Mrs. James",female,47.7,1,0,TKT37702,11.97,,S,98.94,5.85
393,0,2,"Johnson, Mrs. Anna",female,18,3,0,TKT15270,28.93,,S,153.54,10.12
394,0,2,"Brown, Miss. William",female,29.9,1,0,TKT26360,25.83,,S,159.68,9.16
395,0,2,"Brown, Rev. Elizabeth",male,5.8,0,0,TKT47129,24.14,G84,Q,187.05,12.72
396,0,2,"Thomas, Mrs. George",female,12.4,0,0,TKT18454,30.39,G32,S,195.57,9.61
397,0,2,"Thomas, Dr. Anna",female,44.7,0,0,TKT13148,36.98,G50,Q,138.85,8.85
398,0,2,"Anderson, Mrs. Margaret",female,23.5,1,0,TKT69007,36.42,F22,S,204.23,14.94
399,0,2,"White, Mrs. William",female,14.5,0,0,TKT84192,34.63,,S,116.45,8.62
400,1,2,"Harris, Miss. William",female,,1,0,TKT30984,25.11,,C,131.41,6.6
401,1,2,"Smith, Mrs. George",female,22.7,2,0,TKT57035,21.2,G58,S,195.48,10.23
402,0,2,"Taylor, Miss. Elizabeth",female,23.4,0,0,TKT61552,15.47,G98,C,143.2,9.34
403,0,2,"Jackson, Mr. John",male,,0,0,TKT70083,20.88,,Q,108.53,7.8
404,1,2,"Anderson, Miss. Elizabeth",female,13.7,1,0,TKT98146,28.24,G71,Q,180.13,7.73
405,1,2,"White, Mrs. Anna",female,17.3,0,0,TKT89668,18.56,E19,S,162.3,11.07
406,1,2,"Jackson, Mr. Anna",male,32.2,0,1,TKT38436,29.15,E72,S,171.61,9.21
407,0,2,"Brown, Mr. Anna",male,43.6,0,0,TKT97811,16.41,,S,159.1,7.95
408,1,2,"Jackson, Miss. John",female,47.3,0,0,TKT13144,8.07,E45,,168.57,12.2
409,1,2,"Jackson, Mr. James",male,20.7,1,0,TKT96565,37.83,,S,163.95,11.38
410,0,2,"Smith, Mr. Elizabeth",male,43.1,0,0,TKT22853,22.31,,S,168.38,6.68
411,1,2,"Taylor, Mr. George",male,,0,1,TKT20258,17.96,G68,S,147.55,13.88
412,0,2,"Jackson, Mr. Anna",male,55.6,0,2,TKT20738,14.87,G144,C,219.32,9.24
413,0,2,"Jackson, Mr. Sarah",male,14.1,0,2,TKT20981,33.08,,Q,203.77,15.46
414,1,2,"Jackson, Miss. John",female,48.6,0,0,TKT51695,44.5,,C,158.7,9.36
415,1,2,"Brown, Mrs. George",female,20.8,1,0,TKT67614,23.16,E89,S,168.46,0.88
416,0,2,"Anderson, Mr. Charles",male,58.2,0,0,TKT77017,25.41,F31,C,123.71,11.42
417,0,2,"Johnson, Mr. William",male,38.3,0,0,TKT11430,40.86,,C,191.71,12.43
418,0,2,"Johnson, Mr. Sarah",male,15.8,3,0,TKT36679,6.27,,C,190.26,10.3
419,1,2,"Taylor, Mrs. Sarah",female,22.7,0,0,TKT21909,51.6,F127,S,143.84,13.39
420,0,2,"Taylor, Mr. Charles",male,40.9,0,0,TKT23125,57.33,G80,S,116.89,3.39
421,0,2,"Anderson, Mrs. Sarah",female,44.7,0,2,TKT77176,3,,S,109.48,3.89
422,0,2,"Thomas, Mr. John",male,29,0,0,TKT67668,26.83,G117,S,115.25,4.11
423,0,2,"Brown, Dr. Sarah",male,30.6,0,0,TKT28894,19.37,,S,148.76,9.97
424,0,2,"Johnson, Mr. Margaret",male,40.6,1,1,TKT37105,24.82,,C,65.06,1.52
425,0,2,"Martin, Mr. James",male,31.8,1,0,TKT93243,22.98,,C,160.42,13.69
426,0,2,"Thomas, Mr. Anna",male,11.9,0,0,TKT61764,37.74,,S,174.25,9.86
427,0,2,"White, Mr. Elizabeth",male,,0,0,TKT31493,26.65,D13,S,134.46,6.94
428,0,2,"Smith, Mr. Charles",male,33.3,0,0,TKT94039,17.07,,S,150.48,8.85
429,0,2,"Martin, Mr. Charles",male,47,0,0,TKT27875,25.93,,C,142.7,9.45
430,0,2,"Brown, Mr. Mary",male,52.6,1,0,TKT36220,34.18,D127,S,195.83,16.9
431,1,2,"Johnson, Miss. William",female,40.9,1,0,TKT72348,13.8,,C,204.43,9.97
432,0,2,"White, Mr. William",male,34,2,0,TKT56123,8.25,E108,S,157.83,10.02
433,1,2,"Harris, Miss. James",female,40.5,0,0,TKT16232,51.91,,C,162.2,13.39
434,0,2,"Johnson, Mr. Elizabeth",male,20.7,1,0,TKT82612,20.29,,,197.49,13.04
435,1,2,"Johnson, Rev. Charles",male,27.9,0,1,TKT30534,26.35,,S,173,11.39
436,1,2,"Taylor, Miss. Anna",female,18.5,0,0,TKT72253,23.23,,S,166.21,6.91
437,0,2,"Anderson, Miss. William",female,12.5,2,0,TKT40093,34.58,,C,138.58,7.57
438,1,2,"Brown, Miss. William",female,34.7,0,0,TKT77632,49.27,D71,S,235.13,11.79
439,0,2,"Smith, Mr. Mary",male,32.6,1,1,TKT90829,34.96,,C,161.37,9.3
440,1,2,"Anderson, Miss. William",female,,1,0,TKT79530,9.78,,S,160.68,9.94
441,1,2,"Taylor, Mrs. Mary",female,37.6,2,0,TKT92905,11.39,G85,C,137.43,10.78
442,1,2,"Brown, Mr. George",male,33.4,0,0,TKT58591,23.21,D134,C,203.49,10.88
443,0,2,"White, Mr. Mary",male,37.8,0,0,TKT15854,24.78,G17,S,180.55,13.59
444,1,2,"White, Miss. Charles",female,29.4,1,0,TKT58245,7.34,,C,133.17,5.03
445,1,2,"Anderson, Dr. Margaret",female,,1,0,TKT51511,37.83,D107,C,246.46,14.15
446,0,2,"Harris, Dr. John",male,19.8,0,0,TKT74699,14.96,E64,S,187.08,11.19
447,0,2,"Harris, Dr. Margaret",male,,1,0,TKT32382,45.92,,S,167.28,11.01
448,1,2,"Martin, Mr. James",male,,0,0,TKT72787,49.85,E148,S,149.3,12.63
449,1,2,"Thomas, Mrs. John",female,20.6,0,0,TKT49748,25.02,,S,187.85,10.13
450,1,2,"Johnson, Miss. Anna",female,30.7,2,0,TKT70304,33.27,F47,S,169.34,5.3
451,1,2,"Brown, Mrs. James",female,21.3,0,0,TKT47778,13.22,,S,146.34,8.68
452,1,2,"Brown, Mr. George",male,22.6,0,0,TKT44391,35.48,G146,C,136.89,13.14
453,0,2,"Johnson, Mrs. Margaret",female,14.3,3,2,TKT29283,22.02,F114,S,141.49,15.5
454,0,2,"Jackson, Miss. Elizabeth",female,47.7,1,1,TKT84568,14.95,F45,C,182.97,7.95
455,0,2,"Martin, Mr. Mary",male,,2,1,TKT16180,24.53,,,172.49,7.43
456,0,2,"Taylor, Mr. Sarah",male,37.5,0,0,TKT31258,22.41,,S,170.34,12.74
457,0,2,"Thomas, Mr. George",male,57.6,4,0,TKT48400,24.1,,S,153.35,6.79
458,1,2,"Anderson, Mr. John",male,,0,0,TKT24015,39.4,,S,115.14,8.84
459,1,2,"Martin, Mr. Margaret",male,72.4,0,0,TKT92504,18.58,D78,C,113.59,6.27
460,0,2,"Jackson, Mrs. James",female,26.8,0,0,TKT41064,48.82,D2,S,152.53,1.92
461,1,2,"Martin, Mrs. William",female,33.6,1,0,TKT31815,12.1,,S,178.96,9.02
462,1,2,"Brown, Mr. John",male,24.4,2,0,TKT32844,47.39,,S,163.48,8.23
463,0,2,"Brown, Mrs. Charles",female,35.2,1,0,TKT27250,15.8,,S,132.83,13.76
464,1,2,"White, Mr. Charles",male,41.7,1,1,TKT69685,27.99,E51,C,155.53,10.99
465,1,2,"Martin, Mr. Charles",male,28.4,0,0,TKT53314,22.12,,S,162.3,10.54
466,0,2,"Thomas, Mr. Anna",male,54.9,0,0,TKT30791,23.88,,S,150.61,10.51
467,1,2,"Harris, Miss. Elizabeth",female,,0,0,TKT88596,37.62,,C,103.15,9.22
468,1,2,"Harris, Mrs. Sarah",female,33.8,0,0,TKT69083,46,E115,Q,140.84,9.84
469,1,2,"Johnson, Mrs. John",female,17.3,0,2,TKT46260,42.29,,S,187.79,13.05
470,1,2,"Anderson, Mrs. William",female,35.9,2,0,TKT56189,23.14,G87,S,120.81,8.43
471,0,2,"Anderson, Miss. Anna",female,28.1,1,1,TKT69058,30.21,,Q,138.72,10.71
472,0,2,"Brown, Dr. John",female,21.5,1,1,TKT23720,18.62,F95,S,126.9,10.44
473,0,2,"Martin, Mr. Charles",male,,0,0,TKT82752,16.1,E23,Q,155.9,8.12
474,1,2,"Harris, Mr. Mary",male,67.4,0,0,TKT33255,14.24,D149,S,194.4,3.1
475,0,2,"Jackson, Mr. Elizabeth",male,26.3,0,0,TKT12662,22.75,F127,S,204.27,1.59
476,1,2,"Brown, Miss. James",female,9.6,0,0,TKT56954,31,D146,C,193.8,15.84
477,1,2,"Martin, Mrs. Mary",female,20.2,0,0,TKT88877,5.06,,,163.62,6.01
478,1,2,"Brown, Mrs. Mary",female,29.3,0,3,TKT75978,27.44,,S,154.36,14.47
479,0,2,"Taylor, Dr. Margaret",female,37.7,0,0,TKT37761,46.19,,C,135.22,15.42
480,0,2,"Thomas, Mrs. Charles",female,37.8,1,1,TKT45842,41.46,,C,151.43,10.46
481,0,2,"Jackson, Mr. Elizabeth",male,39.5,0,0,TKT63635,20.98,G138,S,115.21,4.96
482,0,2,"Taylor, Mrs. Elizabeth",female,,0,3,TKT30954,11.24,F48,S,184.42,12.55
483,1,2,"Brown, Mrs. James",female,34.8,0,0,TKT83805,33.52,F16,C,179.57,7.2
484,0,2,"Harris, Mr. Mary",male,17.7,0,0,TKT36556,3,,S,175.49,9.06
485,0,2,"Smith, Mr. Mary",male,21.3,0,0,TKT29501,41.32,G126,Q,134.01,6.9
486,1,2,"Taylor, Mr. James",male,17.2,0,0,TKT18560,25.44,G70,S,166.37,10.35
487,1,2,"Anderson, Mrs. George",female,,0,1,TKT72393,49.98,,S,142.58,10.16
488,1,2,"Harris, Dr. George",male,44.9,0,0,TKT12263,7.28,G40,S,198.7,10.78
489,0,2,"Brown, Miss. Elizabeth",female,39.6,2,0,TKT82491,39.02,,C,136.39,5.5
490,0,2,"Thomas, Miss. John",female,43.7,0,0,TKT97580,26.79,,S,186.26,14.88
491,0,2,"Jackson, Mr. Anna",male,30.6,0,0,TKT20000,24.03,D8,Q,169.65,5.36
492,1,2,"Thomas, Mr. William",male,40.9,0,0,TKT18676,11.56,E60,S,140.59,10.37
493,0,2,"Anderson, Miss. Mary",female,,0,0,TKT94104,35.15,F106,S,138.57,9.73
494,1,2,"Jackson, Rev. Mary",male,,0,0,TKT21239,36.11,,Q,187.68,14.63
495,1,2,"Martin, Mrs. Anna",female,32.5,2,0,TKT46686,49.42,,C,172.66,9.7
496,1,2,"Anderson, Mrs. Anna",female,,0,0,TKT88385,40.1,,S,113.11,9.8
497,0,2,"Taylor, Miss. Charles",female,,1,2,TKT22508,20.87,,S,92.54,6.65
498,0,2,"Jackson, Rev. Charles",male,16.2,0,0,TKT69714,15.95,D14,C,154.97,10.69
499,1,2,"White, Mrs. Elizabeth",female,9,0,0,TKT44434,11.58,,S,136.62,7.55
500,0,2,"Martin, Mr. William",male,20,0,0,TKT49246,45.68,,S,141.71,10.84
501,1,2,"Taylor, Mrs. Elizabeth",female,37.9,0,0,TKT93794,18.66,G14,S,170.38,8.48
502,1,2,"Anderson, Rev. Mary",male,39.7,0,0,TKT68411,45.76,,S,158.26,12.15
503,0,2,"White, Mr. Margaret",male,,3,0,TKT38749,34.3,F137,S,152.35,10.31
504,1,2,"Brown, Mrs. James",female,16.3,1,0,TKT94147,31.96,,C,146.68,6.91
505,1,2,"Anderson, Mrs. Anna",female,19.9,4,0,TKT62268,24.32,,S,132.92,8.07
506,1,2,"Martin, Mrs. John",female,25,0,0,TKT18943,35.93,F72,C,166.33,16.21
507,0,2,"Brown, Mr. Sarah",male,10.9,1,3,TKT45335,27.81,,S,195.67,8.08
508,0,2,"Jackson, Mrs. Mary",female,10.1,0,0,TKT31933,23.57,,S,199.52,10.96
509,1,2,"Brown, Mr. Mary",male,,0,0,TKT67818,36.35,,S,160.57,9
510,1,2,"Taylor, Mrs. Elizabeth",female,,4,0,TKT87426,26.27,,S,156.54,11.89
511,0,2,"Smith, Mr. James",male,13.5,1,0,TKT13519,18.42,,C,144.3,9.23
512,0,2,"Jackson, Mr. Mary",male,28.4,2,0,TKT80256,35.2,,S,137.92,9.59
513,1,2,"Harris, Mr. Margaret",male,44.8,1,0,TKT92467,27.23,,S,215.98,15.47
514,1,2,"Smith, Mr. John",male,,0,0,TKT99482,33.87,D120,,211.62,16.45
515,0,2,"Taylor, Mrs. Sarah",female,,1,0,TKT69505,22.55,F147,C,141.68,11.67
516,0,2,"Anderson, Mr. Margaret",male,44.3,0,0,TKT38251,13.49,G134,S,124.84,6.41
517,1,2,"Smith, Mrs. Sarah",female,24.1,2,2,TKT23078,48.82,,S,162.7,12.14
518,1,2,"Smith, Dr. Margaret",male,,1,0,TKT95038,46.56,,S,170.88,11.3
519,1,2,"Harris, Mr. James",male,46.3,0,1,TKT47124,38.61,F125,S,141.59,5.59
520,1,2,"Taylor, Dr. Anna",male,25.7,0,0,TKT40931,23.35,,C,127.08,8.48
521,1,2,"White, Mr. William",male,,0,2,TKT76056,24.4,G6,Q,166.54,14.46
522,1,2,"Brown, Mrs. Elizabeth",female,36,0,0,TKT74357,44.59,,S,138.62,7.72
523,1,2,"Harris, Miss. William",female,25.2,0,0,TKT82841,23.75,,S,189.96,10.4
524,1,2,"Harris, Miss. Margaret",female,36.7,1,1,TKT89445,20.41,F57,S,162.75,12.36
525,0,2,"Harris, Mr. James",male,34.5,0,0,TKT88930,50.47,,S,174.82,13.45
526,0,2,"Jackson, Mr. William",male,44.3,1,0,TKT25370,27.43,D69,S,191.85,13.11
527,0,2,"Johnson, Miss. John",female,22.3,0,3,TKT25264,49.22,F65,C,117.26,13.97
528,1,2,"Anderson, Mrs. Elizabeth",female,30.6,0,0,TKT28507,11.22,F114,S,169.43,16.7
529,0,2,"Johnson, Dr. William",female,29.1,0,0,TKT66456,34.22,,Q,147.58,10
530,0,2,"Brown, Mrs. William",female,39.9,2,0,TKT62285,52.85,,Q,147.85,10.16
531,0,2,"Harris, Mrs. William",female,15.6,0,1,TKT87152,28.36,G19,Q,139.11,12.91
532,1,2,"Brown, Mr. Charles",male,44.2,0,1,TKT85943,24.83,,S,151.64,13.23
533,1,2,"Brown, Mr. Sarah",male,,0,0,TKT83202,13.99,D23,S,174.7,11.55
534,1,2,"Brown, Dr. George",female,11.6,1,0,TKT17105,40.99,,Q,177.46,13.84
535,1,2,"Thomas, Mr. James",male,46.9,0,0,TKT72603,18.76,,Q,122.72,5.09
536,1,2,"Anderson, Mr. William",male,61.3,0,0,TKT86578,26.86,,S,179.75,8.17
537,1,2,"Anderson, Miss. John",female,44,1,1,TKT98414,13.19,,S,187.92,7.37
538,1,2,"Anderson, Miss. Charles",female,50,1,0,TKT40880,46.68,,C,177,12.92
539,0,2,"Taylor, Miss. William",female,31.2,0,0,TKT79903,41.86,,S,81.41,10.94
540,1,2,"Martin, Miss. John",female,,0,0,TKT46559,27.62,,S,150.22,14.2
541,0,2,"Johnson, Mr. William",male,4.2,0,0,TKT24470,14.15,,S,153.9,8.64
542,0,2,"Martin, Mr. Charles",male,33.6,0,1,TKT40587,46.43,E107,S,145.89,8.47
543,1,2,"Anderson, Mrs. Elizabeth",female,21.7,1,0,TKT32609,23.61,,S,161.19,8.57
544,0,2,"Smith, Mr. John",male,,0,0,TKT92032,14.74,G49,C,216.39,11.06
545,1,2,"Johnson, Mrs. Mary",female,29.1,0,1,TKT25807,6.85,G52,Q,145.59,7.15
546,0,2,"Martin, Mr. Mary",male,38.6,0,2,TKT21771,20.25,,S,172.44,11.53
547,0,2,"Harris, Mr. Margaret",male,9.7,0,0,TKT62178,10.54,E147,C,135.01,7.58
548,0,2,"Brown, Mrs. William",female,,0,2,TKT61684,20.53,F119,C,155.18,14.02
549,0,2,"Johnson, Miss. Elizabeth",female,51.1,1,0,TKT60499,36.93,,S,110.56,5.76
550,1,2,"Jackson, Mr. Margaret",male,14.9,0,1,TKT23329,23.5,G147,S,114.19,9.04
551,0,2,"Thomas, Dr. Sarah",male,42.2,3,0,TKT54870,32.27,F142,C,119.94,7.37
552,0,2,"Harris, Miss. Margaret",female,23.2,1,0,TKT93572,19.32,,C,134.7,8.82
553,0,2,"Harris, Mrs. William",female,37.6,0,0,TKT18082,28.78,,S,174.31,14.38
554,1,2,"White, Miss. Sarah",female,45.4,0,0,TKT81813,51.05,E81,C,203.8,12.34
555,1,2,"Brown, Mr. Margaret",male,40.4,0,0,TKT21320,23.82,F61,S,112.12,7.26
556,1,2,"Taylor, Mr. James",male,42.7,0,0,TKT31043,32.61,G88,C,124.65,4.59
557,1,2,"White, Mr. William",male,13.9,0,0,TKT90831,9.21,D125,S,190.18,12.77
558,0,2,"Anderson, Mr. Sarah",male,45.6,2,0,TKT36799,46.24,G27,S,153.89,9.52
559,0,2,"Johnson, Mr. William",male,18.1,0,0,TKT57016,22.27,G73,S,134.88,5.51
560,0,2,"Martin, Mr. Elizabeth",male,33.6,0,0,TKT44335,40.61,E32,S,164.08,6.72
561,1,2,"Anderson, Mrs. George",female,33.6,0,2,TKT65281,26.52,,C,146.35,8.3
562,1,2,"Martin, Mr. Elizabeth",male,,0,3,TKT46487,35.34,,,180.04,11.54
563,1,2,"Martin, Mrs. John",female,34.7,3,0,TKT49944,36.05,,C,166.43,9.73
564,0,2,"Thomas, Mrs. Elizabeth",female,18.2,0,0,TKT83560,22.57,,C,114.88,4.05
565,0,2,"Smith, Mr. Anna",male,,1,0,TKT59870,41.1,,Q,196.06,6.46
566,0,2,"Smith, Mr. Sarah",male,42.2,1,0,TKT60807,18.89,,S,184.07,11.93
567,0,2,"Jackson, Mr. William",male,32.6,0,1,TKT82501,37.34,F135,S,153.53,14.41
568,1,2,"Thomas, Miss. William",female,46.1,0,0,TKT48515,23.32,,C,141.94,12.63
569,1,2,"Harris, Mr. William",male,29.4,0,0,TKT84120,32.19,E148,S,155.54,9.56
570,1,2,"Jackson, Mr. John",male,10.3,2,0,TKT74749,22.46,G99,Q,159.82,9.96
571,1,2,"Johnson, Miss. Sarah",female,43.5,0,0,TKT89535,28.6,D20,S,150.4,0
572,1,2,"Taylor, Mrs. William",female,24.8,1,1,TKT51207,15.1,,S,216.08,14.81
573,0,2,"Jackson, Mr. James",male,34.8,1,0,TKT60279,30.97,,S,146.67,10.94
574,1,2,"Thomas, Miss. Margaret",female,20.9,1,0,TKT21541,28.53,,S,151.75,7.5
575,0,2,"Jackson, Mr. James",male,53,0,0,TKT20020,21.52,,S,116.31,8.5
576,1,2,"Brown, Miss. James",female,,0,2,TKT19673,27.34,E17,S,138.23,10.94
577,1,2,"Jackson, Miss. Mary",female,25.3,1,0,TKT66969,29.61,,C,159.49,7.78
578,0,2,"Thomas, Mr. Charles",male,31.5,0,1,TKT39335,20.6,,S,138.51,7.74
579,1,2,"Smith, Miss. Margaret",female,,2,2,TKT36001,26.45,,S,134.94,12.47
580,0,2,"Jackson, Mr. Mary",male,34.6,0,0,TKT64257,15.93,G8,C,240.78,14.53
581,1,2,"Johnson, Mr. James",male,52.6,0,2,TKT45854,56.15,,S,192.94,12.64
582,0,2,"Taylor, Mrs. Anna",female,23.1,1,0,TKT22135,40.71,,C,187.24,7.61
583,0,2,"White, Mr. Margaret",male,35.5,0,0,TKT60169,31.28,,S,195.55,11.08
584,1,2,"Thomas, Mr. Charles",male,,0,0,TKT59511,42.07,G38,Q,68.46,5.53
585,1,2,"Anderson, Mr. Elizabeth",male,29.5,0,0,TKT22571,4.25,,S,173.56,10.26
586,0,2,"Taylor, Mr. George",male,25.6,0,0,TKT34264,3,,S,215.78,9.6
587,0,2,"White, Mr. Anna",male,18.5,2,0,TKT31353,23.21,,S,175.95,8.15
588,0,2,"Anderson, Mr. Elizabeth",male,45.1,0,0,TKT72586,11.46,,S,184.43,6.91
589,1,2,"Brown, Miss. John",female,,0,0,TKT32421,25.16,,C,174.43,12.3
590,0,2,"White, Mr. George",male,27.5,0,0,TKT12543,30.47,D136,S,142.07,9.34
591,0,2,"Taylor, Mr. John",male,24.7,3,0,TKT34007,39.04,F102,S,177.52,15.36
592,1,2,"Martin, Mr. Elizabeth",male,3.2,0,0,TKT52211,14.34,E100,Q,167.92,13.34
593,0,2,"Brown, Mr. Mary",male,14.2,3,3,TKT79245,32.8,,S,179.12,7.11
594,1,2,"Anderson, Mrs. Charles",female,43.5,2,2,TKT14703,28.17,,S,159.94,11.34
595,0,2,"Taylor, Mr. John",male,0.5,0,0,TKT89308,32.17,,Q,144.5,7.53
596,0,2,"Martin, Mr. Sarah",male,19.3,1,0,TKT39745,21.76,E123,C,103.84,6.88
597,1,2,"Harris, Mrs. Charles",female,24.4,1,0,TKT40836,44.6,,C,152.53,11.89
598,0,2,"Martin, Mrs. James",female,54.4,0,1,TKT11401,26.76,,S,79.11,7.45
599,0,2,"Harris, Mr. William",male,40.8,0,0,TKT34871,49.29,,C,202.64,11.7
600,1,2,"Taylor, Mr. Anna",male,22.2,1,1,TKT52218,18.52,,C,136.83,3.11
601,0,3,"Martin, Mr. James",male,,1,0,TKT66348,3,G36,S,259.43,23.89
602,1,3,"Anderson, Mrs. Margaret",female,15.6,1,0,TKT79030,16.52,,S,216.69,19.89
603,0,3,"Anderson, Mr. Mary",male,40.1,4,0,TKT57044,3,G38,S,247.42,21.8
604,1,3,"Anderson, Mr. John",male,7,0,0,TKT19019,11.19,F85,S,251.49,21.63
605,0,3,"Brown, Dr. Anna",male,,1,1,TKT45228,19.83,,S,171.18,15.6
606,0,3,"Smith, Mr. James",male,20.3,2,0,TKT76169,17.98,F9,Q,211.76,18.02
607,1,3,"Martin, Mr. John",male,11.6,0,0,TKT67558,3,,,237.91,20.5
608,0,3,"Brown, Mr. Mary",male,23,0,0,TKT62576,3.64,,S,300,25.96
609,0,3,"Thomas, Dr. James",male,29.9,0,0,TKT55751,7.49,,S,293.43,22.3
610,1,3,"Smith, Mr. Margaret",male,19.1,2,0,TKT55413,14.49,,S,232.6,26.51
611,0,3,"Thomas, Dr. Anna",male,33.8,0,0,TKT99371,3,,S,208.2,23.4
612,0,3,"Smith, Mr. James",male,17.8,1,0,TKT63952,12.89,,S,205.12,21.36
613,0,3,"Smith, Miss. Sarah",female,,0,0,TKT63738,15.49,,S,236.89,24.42
614,0,3,"White, Mrs. Anna",female,32.2,0,0,TKT40230,10.74,,S,216.34,18.29
615,1,3,"Jackson, Mr. William",male,,0,0,TKT54102,17.2,,S,204.79,20.61
616,1,3,"Martin, Mr. Anna",male,19.8,0,0,TKT73929,14.79,,C,251.21,20.79
617,0,3,"Thomas, Mr. Sarah",male,28.1,2,0,TKT87221,8.67,,S,248.83,24.46
618,1,3,"Smith, Miss. George",female,33.7,0,1,TKT80169,3,,S,227.88,19.01
619,1,3,"Smith, Mr. George",male,54.9,2,0,TKT69609,14.07,,S,216.24,22.03
620,1,3,"Brown, Miss. George",female,39.2,0,0,TKT80039,5.38,,S,190.41,22.07
621,0,3,"White, Mr. James",male,,4,2,TKT12964,8.37,,S,210.15,16.14
622,1,3,"Smith, Mr. William",male,69.2,0,0,TKT34251,16.83,,S,195.11,15.83
623,0,3,"White, Mr. Anna",male,,0,0,TKT31876,24.34,G120,C,200.94,18.51
624,0,3,"Martin, Mr. Margaret",male,32.8,0,0,TKT68850,12.7,,S,257.35,19.31
625,1,3,"Johnson, Miss. Elizabeth",female,35.9,0,0,TKT77800,17.43,,,248.85,19.08
626,1,3,"Smith, Dr. John",male,11.9,0,0,TKT23328,3,,S,183.34,21.08
627,1,3,"White, Mr. George",male,19.8,1,1,TKT27363,14.96,,S,237.6,23.78
628,0,3,"Martin, Mr. John",male,18.9,0,3,TKT54587,12.52,,S,248.43,22.07
629,1,3,"Thomas, Rev. Charles",male,35.1,0,0,TKT97146,22.83,,S,208.19,19.05
630,0,3,"Martin, Miss. Mary",female,23.6,0,0,TKT10236,8.68,,C,193.25,15.76
631,0,3,"White, Mrs. James",female,27.9,0,1,TKT89150,11.07,F114,S,201.53,18.68
632,1,3,"Harris, Miss. Margaret",female,41.2,1,0,TKT27422,21.47,,C,213.17,18.33
633,0,3,"White, Miss. George",female,38.1,0,0,TKT34166,12.26,,,227.01,21.11
634,0,3,"Martin, Miss. Mary",female,23.7,1,0,TKT66855,4.13,,S,233.66,24.48
635,1,3,"Smith, Mr. Margaret",male,,4,0,TKT75588,33.41,,S,202.47,20.42
636,0,3,"Smith, Mr. Mary",male,41.9,0,0,TKT88691,4.37,,S,171.94,19.46
637,1,3,"Brown, Miss. Margaret",female,36.8,0,0,TKT10494,12.48,,Q,227.54,22.78
638,0,3,"White, Mrs. Margaret",female,,0,0,TKT14412,15.77,,S,237.56,22.87
639,1,3,"Jackson, Mrs. Anna",female,21.6,0,0,TKT53040,15.14,G26,S,215.81,25.41
640,0,3,"Harris, Mr. James",male,28.3,0,2,TKT60269,11.48,,S,219.45,19.85
641,0,3,"Thomas, Miss. James",female,,3,0,TKT33476,11.52,,C,227.5,14.45
642,0,3,"Johnson, Mr. Margaret",male,38.7,1,0,TKT67309,11.12,,S,257.32,27.82
643,0,3,"Anderson, Mr. John",male,30,0,0,TKT33871,4.07,,S,219.77,21.42
644,1,3,"Harris, Mrs. Sarah",female,34.2,1,0,TKT93914,30.2,F83,S,253.36,24.66
645,0,3,"Jackson, Mr. Charles",male,26.9,0,2,TKT25968,11.24,G65,S,170.18,17.2
646,1,3,"Harris, Mr. Elizabeth",male,16.6,1,2,TKT68962,17.78,,S,226.58,20
647,1,3,"Brown, Mr. Charles",male,22.3,0,0,TKT57728,10.32,F41,S,261.25,18.74
648,1,3,"Martin, Mrs. Sarah",female,26.3,0,0,TKT19272,10.16,,S,207.6,21.87
649,0,3,"Jackson, Rev. John",male,25.5,3,0,TKT64434,9.36,F102,S,267.23,24.27
650,0,3,"Brown, Mr. Charles",male,0.5,1,0,TKT23206,3,,Q,262.24,22.67
651,1,3,"Thomas, Mr. Margaret",male,,2,0,TKT58562,11.72,,S,250.97,17.62
652,0,3,"Harris, Mr. James",male,26.8,0,0,TKT67218,9.74,,Q,201.11,20.77
653,0,3,"Johnson, Miss. James",female,22.1,1,0,TKT16495,22.37,,Q,262.82,17.78
654,1,3,"Brown, Mr. Margaret",male,22.5,0,0,TKT29405,3.43,,S,229.53,25.84
655,0,3,"Smith, Mr. Margaret",male,,0,0,TKT36612,8.38,,C,289.02,27.98
656,0,3,"Jackson, Mrs. William",female,10.9,0,0,TKT93546,5.81,,S,239.19,25.62
657,0,3,"Jackson, Rev. Anna",male,3.2,0,0,TKT29904,24.54,,S,233.61,23.63
658,0,3,"Smith, Mr. James",male,21.1,0,0,TKT92860,6.04,G18,C,187.77,22.67
659,0,3,"Taylor, Mr. James",male,36.7,0,0,TKT58057,17.5,,S,223.79,22.33
660,1,3,"Thomas, Mrs. Mary",female,,1,0,TKT95378,20.76,,S,240.64,27.06
661,1,3,"Johnson, Mrs. William",female,,2,0,TKT84814,11.83,,Q,248.29,22.27
662,0,3,"Jackson, Mr. George",male,5.4,3,0,TKT36365,3,,S,245.67,18.67
663,1,3,"Brown, Mr. James",male,22.7,0,1,TKT60378,3,,S,206.6,22.15
664,1,3,"Smith, Mr. Margaret",male,29.6,3,2,TKT74524,19.88,,S,239.21,17.79
665,0,3,"Harris, Mr. Anna",male,28.5,0,0,TKT17052,3,,C,217.21,22.71
666,0,3,"Taylor, Mr. James",male,33.6,0,0,TKT69670,16.14,,S,279.26,24.4
667,0,3,"Taylor, Mr. Sarah",male,13.2,2,0,TKT51369,13.91,,S,201.88,19.29
668,1,3,"Smith, Dr. Margaret",female,26.9,0,0,TKT13204,16.02,,S,190.78,23.12
669,0,3,"Taylor, Mrs. James",female,31.9,0,0,TKT88030,16.77,,Q,205.54,21
670,1,3,"Harris, Mrs. Sarah",female,37.6,0,0,TKT33900,5.53,,S,168.71,13.62
671,0,3,"Martin, Mr. James",male,14.7,0,0,TKT88676,5.2,,S,235.95,23.99
672,1,3,"Thomas, Mrs. James",female,21.2,1,0,TKT28608,18.72,,S,221.93,19.14
673,0,3,"Johnson, Miss. Charles",female,,0,0,TKT58748,7.97,,S,215.98,27.69
674,0,3,"Smith, Mr. William",male,17.3,0,0,TKT43372,3,,S,227.09,19.11
675,1,3,"Thomas, Miss. Mary",female,18.7,0,0,TKT90368,18.19,G142,S,206.08,18.56
676,0,3,"Brown, Miss. Anna",female,11.7,0,0,TKT95773,4.71,,S,222.39,22.76
677,0,3,"White, Mr. Margaret",male,28.3,1,0,TKT79304,16.74,,S,247.62,25.18
678,1,3,"Thomas, Miss. James",female,25.2,3,0,TKT86103,24.14,G13,S,176.89,16.85
679,0,3,"White, Rev. William",male,,1,0,TKT79201,13.13,,S,239.28,21.34
680,0,3,"Johnson, Mr. Charles",male,29,2,0,TKT36407,20.97,,S,236.65,21.85
681,0,3,"Taylor, Miss. William",female,13,0,0,TKT92835,14.23,F120,C,220.38,23.67
682,0,3,"Smith, Dr. Sarah",male,32.8,1,1,TKT57702,25.7,,S,250.37,27.19
683,0,3,"Jackson, Mr. Elizabeth",male,8.1,0,0,TKT40912,4.5,,S,227.59,22.8
684,0,3,"Smith, Mr. Elizabeth",male,26.4,0,0,TKT27303,12.93,,S,231.07,26.34
685,0,3,"Taylor, Mr. Elizabeth",male,22,1,0,TKT73878,18.39,,C,184.74,19.43
686,1,3,"Anderson, Mr. James",male,30.2,0,1,TKT34968,11.48,G96,S,246.09,26.55
687,0,3,"Brown, Mr. William",male,27.7,2,1,TKT68739,22.22,,Q,237.01,17.47
688,0,3,"Harris, Mr. George",male,22.4,1,1,TKT15850,9.54,,Q,220.08,21.83
689,0,3,"White, Mrs. Margaret",female,4.5,3,0,TKT67132,29.55,,S,210.04,19.98
690,0,3,"Johnson, Mr. Charles",male,,0,0,TKT67833,29.98,,S,198.52,22.81
691,0,3,"Johnson, Mr. John",male,17.8,0,0,TKT57224,15.26,,S,236.06,13.23
692,0,3,"Martin, Mr. Mary",male,25.9,1,0,TKT69122,17.42,G25,Q,233.45,21.75
693,0,3,"Anderson, Mrs. James",female,17.5,0,0,TKT99439,22.53,,S,260.99,25.98
694,1,3,"Thomas, Mrs. Anna",female,34.8,0,0,TKT85464,3.5,,C,211.89,16.08
695,0,3,"Brown, Rev. John",male,22.1,1,0,TKT49559,3,,S,229.32,18.78
696,1,3,"Anderson, Mr. Anna",male,12.5,3,1,TKT88438,23.05,,Q,219.27,25.37
697,0,3,"White, Mr. Charles",male,22.1,1,0,TKT95899,15.19,G5,S,229.98,23.37
698,1,3,"Smith, Miss. Margaret",female,29.2,0,0,TKT24405,11.19,,S,240.05,29.19
699,0,3,"Anderson, Miss. Elizabeth",female,30.5,0,0,TKT42303,13.09,,S,213.82,19.27
700,1,3,"Smith, Dr. John",male,52.3,0,1,TKT76872,3,,S,230.73,17.34
701,1,3,"Smith, Mrs. Elizabeth",female,16.6,0,2,TKT56346,11.48,,S,203.18,17.5
702,1,3,"Brown, Mr. Elizabeth",male,25,0,0,TKT22123,6.98,F94,S,235.35,20.91
703,0,3,"Martin, Mrs. Mary",female,32,0,2,TKT52525,20.34,,,227.71,23.85
704,0,3,"Martin, Miss. Sarah",female,25.7,0,1,TKT43633,20.96,,S,210.21,21.56
705,0,3,"White, Mrs. Margaret",female,19,0,1,TKT76492,17.61,,C,217.77,22.03
706,0,3,"Jackson, Mr. James",male,4.3,0,1,TKT56397,16.16,F83,S,203.79,25.93
707,1,3,"Johnson, Mr. Charles",male,,0,0,TKT22592,3,,S,241.5,27.4
708,1,3,"Anderson, Mr. Charles",male,11,0,1,TKT14452,17.73,F117,S,206.2,16.14
709,0,3,"Johnson, Mr. Anna",male,1.8,1,0,TKT35857,18.04,,S,163.02,16.88
710,1,3,"Anderson, Dr. Sarah",female,14.9,0,0,TKT24108,22.96,,S,203.06,18.64
711,1,3,"Martin, Mr. Mary",male,,2,0,TKT88864,29.95,F1,S,231.88,21.41
712,1,3,"Harris, Miss. Charles",female,34.2,0,1,TKT34400,3,,S,197.34,22.43
713,0,3,"Martin, Dr. Sarah",female,34.4,0,2,TKT67103,9.89,,S,232.61,19.2
714,1,3,"Johnson, Mr. Elizabeth",male,,0,0,TKT21478,7.06,,S,194.35,20.49
715,1,3,"Anderson, Miss. James",female,22.4,0,3,TKT49753,14.38,,S,200.35,20.65
716,0,3,"Anderson, Mr. Sarah",male,0.5,0,0,TKT94067,13.11,,S,242.61,20.37
717,1,3,"Martin, Mr. Charles",male,19.1,2,0,TKT67908,11.13,,S,264.91,20.8
718,0,3,"Anderson, Mr. Anna",male,,2,0,TKT35948,21.22,,S,220.4,20.41
719,0,3,"White, Mr. George",male,,0,1,TKT77289,4.19,,S,273.22,17.51
720,0,3,"Taylor, Mr. Sarah",male,16,0,0,TKT55104,4.67,,S,236.44,26.32
721,1,3,"Taylor, Mrs. James",female,40.7,1,0,TKT31159,4.81,,Q,233.96,23.53
722,1,3,"Taylor, Mrs. Charles",female,4.8,0,0,TKT99687,10.12,,Q,235.3,27.22
723,1,3,"Thomas, Mrs. Mary",female,8.5,0,0,TKT94381,3.17,,S,223.66,22.03
724,1,3,"Johnson, Mr. Margaret",male,35.9,1,0,TKT60997,12.61,,S,154.01,17.48
725,0,3,"Brown, Mr. William",male,49.4,0,1,TKT12986,11.68,,S,238.92,21.02
726,0,3,"Jackson, Miss. James",female,32.9,1,0,TKT47034,6.71,,S,224.65,22.87
727,0,3,"White, Mr. Sarah",male,25.4,0,1,TKT56256,19.99,,S,231.94,20.8
728,0,3,"Jackson, Dr. Elizabeth",male,0.5,0,0,TKT93680,12.52,,S,194.24,17.09
729,0,3,"Anderson, Mr. Charles",male,0.5,0,3,TKT75968,21.5,,S,173.54,15.21
730,0,3,"Jackson, Mr. Charles",male,27.8,1,0,TKT30024,11.44,,S,181.1,17.01
731,0,3,"Harris, Mr. George",male,21,0,0,TKT55901,12.81,F101,S,213.25,17.43
732,1,3,"Anderson, Mr. Mary",male,10.5,1,0,TKT26154,8.5,,S,236.73,24.19
733,1,3,"Johnson, Mr. Anna",male,26.9,1,0,TKT52645,12.94,,C,202.52,18.61
734,0,3,"White, Dr. Elizabeth",female,,1,0,TKT58182,18.7,F52,S,270.28,22.36
735,0,3,"Brown, Mr. John",male,39.2,0,0,TKT55880,9.71,,S,278.74,22.07
736,1,3,"Johnson, Miss. Margaret",female,27.9,0,0,TKT48456,17.15,,S,207.08,22.72
737,1,3,"Brown, Mr. John",male,43.2,0,0,TKT49352,6.5,,,254.76,17.51
738,1,3,"Thomas, Miss. Margaret",female,,0,0,TKT81727,19.07,,S,230.69,21.41
739,1,3,"Brown, Mrs. John",female,24.4,2,3,TKT55527,8.36,,Q,198.52,13.22
740,1,3,"Johnson, Mrs. William",female,40.9,0,0,TKT13780,19.81,,S,210.15,25
741,1,3,"Brown, Mr. William",male,12.3,2,0,TKT76673,13.49,,S,207.2,20.9
742,1,3,"Jackson, Dr. James",female,,0,0,TKT65594,25.17,,S,217.54,21.41
743,0,3,"Thomas, Mrs. George",female,31.3,0,0,TKT72611,3.77,,S,218.38,17.78
744,0,3,"Jackson, Mr. Mary",male,31.3,0,0,TKT73960,3,,S,223.71,16.59
745,0,3,"Thomas, Mr. Margaret",male,33.4,1,0,TKT25587,8.07,F137,S,214.94,20.59
746,0,3,"Johnson, Mr. Anna",male,,0,0,TKT97471,3,,S,238.02,22.77
747,0,3,"Taylor, Rev. Anna",male,37.1,0,0,TKT99134,3,G17,Q,252.1,21.07
748,1,3,"Johnson, Mr. Charles",male,3.5,1,0,TKT23118,17.97,,Q,246.73,20.31
749,1,3,"Martin, Mrs. Margaret",female,45.6,0,0,TKT29704,12.97,,S,232.73,18.43
750,1,3,"Anderson, Mrs. William",female,21.2,0,2,TKT32161,9.16,,C,224.74,17.35
751,0,3,"Jackson, Mr. Charles",male,,0,0,TKT96979,9.9,,C,244.94,21.65
752,0,3,"Taylor, Miss. John",female,,0,0,TKT93918,8.22,,S,191.4,18.19
753,0,3,"Brown, Mr. James",male,33.4,0,0,TKT33850,26.2,,Q,222.35,22.55
754,0,3,"Smith, Mr. Anna",male,16.9,0,0,TKT66755,7.12,,S,270.49,26.7
755,1,3,"Martin, Mr. William",male,,0,1,TKT31910,3,,S,179.51,16.08
756,0,3,"Smith, Mr. William",male,22,0,0,TKT13424,19.37,,Q,215.65,21.89
757,0,3,"Thomas, Mr. Margaret",male,53,0,0,TKT30728,11.27,,C,231.63,15.53
758,1,3,"Taylor, Mr. William",male,53.8,0,0,TKT16960,29.31,F115,S,257.94,25.98
759,0,3,"Smith, Mr. Mary",male,26.7,0,0,TKT86295,8.79,,S,222.39,25.22
760,0,3,"Taylor, Miss. Charles",female,26.9,0,2,TKT80688,19.77,,S,256.94,18.84
761,1,3,"Brown, Mrs. Margaret",female,20.8,0,0,TKT26587,21.66,,Q,288.36,20.04
762,0,3,"Taylor, Mr. Elizabeth",male,41.5,0,0,TKT61072,8.83,,Q,231.97,21.49
763,0,3,"White, Dr. John",female,21.4,0,1,TKT28463,7.06,,C,219.22,24.06
764,0,3,"Brown, Mr. Margaret",male,20.1,2,1,TKT60886,18.93,,S,200.79,17.71
765,0,3,"Harris, Miss. George",female,39.7,1,0,TKT90636,17.6,,S,262.3,27.85
766,1,3,"Johnson, Mr. James",male,,0,0,TKT89187,3,,C,208.3,20.2
767,1,3,"Martin, Mr. Mary",male,25.5,0,0,TKT84975,3.97,,S,218.7,16.66
768,0,3,"Smith, Mr. Elizabeth",male,3.9,0,1,TKT31698,3,,S,193.79,14.27
769,0,3,"Johnson, Mr. Charles",male,35.9,1,0,TKT27166,17.76,,S,230.67,16.42
770,1,3,"Anderson, Mrs. Charles",female,53.2,0,0,TKT24438,10.91,,S,224.33,26.12
771,0,3,"Jackson, Mr. William",male,,0,1,TKT21441,11.7,,S,218.87,23.24
772,0,3,"Harris, Miss. Anna",female,46.5,0,0,TKT65241,3,,Q,220.68,20.37
773,1,3,"Taylor, Mr. Sarah",male,14.2,0,0,TKT69259,4.22,,S,198.1,17.16
774,0,3,"Anderson, Mr. George",male,29.3,0,0,TKT89417,9.18,,S,273.55,24.59
775,0,3,"Smith, Mr. Sarah",male,12.8,2,1,TKT18130,7.62,G100,S,207.24,20.35
776,0,3,"Harris, Mr. William",male,22.8,2,0,TKT33872,13.94,,,267.88,24.15
777,1,3,"Martin, Mr. Elizabeth",male,36.8,0,0,TKT75514,17.67,,C,241.83,22.12
778,1,3,"Anderson, Mrs. Sarah",female,27.4,0,0,TKT71315,31.16,,C,262.48,23.8
779,0,3,"Thomas, Mr. Mary",male,6.2,0,0,TKT48468,12.84,F115,S,229.88,24.37
780,0,3,"Johnson, Dr. William",male,7.6,0,1,TKT23713,21.92,,S,208.87,18.78
781,0,3,"Thomas, Mr. Charles",male,6.7,0,0,TKT53578,6.36,,S,231.01,22.44
782,1,3,"Martin, Mr. John",male,32.9,0,0,TKT25471,3,,S,257.29,21.46
783,0,3,"White, Mrs. Mary",female,54.9,2,2,TKT58196,10.18,,Q,253.15,22.63
784,0,3,"Harris, Mrs. Sarah",female,45.1,3,1,TKT91135,3,F114,C,247.38,24.53
785,0,3,"Harris, Mrs. Charles",female,0.5,1,0,TKT27611,13.12,,S,229.76,16.64
786,1,3,"Jackson, Miss. William",female,45.9,1,0,TKT20616,6.76,,S,226.79,20.75
787,0,3,"Anderson, Mr. James",male,39.1,0,2,TKT76386,3,,S,217.2,20.24
788,0,3,"Brown, Mr. Anna",male,4.4,0,2,TKT12191,26.89,F90,S,272.59,22.97
789,0,3,"Johnson, Mr. Anna",male,21.8,0,0,TKT98505,8.7,,S,210.09,22.78
790,0,3,"Anderson, Mr. James",male,41.3,0,0,TKT79743,3,,S,267.62,27.62
791,1,3,"Thomas, Mr. Elizabeth",male,33.7,0,0,TKT46303,20.19,,S,200.75,17.76
792,0,3,"Jackson, Mr. John",male,,1,1,TKT42625,7.17,,S,221.88,18.56
793,0,3,"Thomas, Mrs. Mary",female,34.6,0,0,TKT44817,21.72,G128,S,248.54,18.84
794,0,3,"Jackson, Mr. George",male,0.5,0,0,TKT45698,7.13,,C,262.49,28.94
795,1,3,"Smith, Miss. William",female,,0,0,TKT85558,8.67,,S,251.74,23.04
796,0,3,"Taylor, Mr. Mary",male,41.9,3,2,TKT81986,15.76,,S,273.1,22.55
797,1,3,"White, Rev. Mary",male,26.3,0,1,TKT28412,17.75,,S,237.86,20.44
798,0,3,"Taylor, Mr. George",male,19,0,2,TKT26194,19.15,,C,210.22,20.91
799,1,3,"Smith, Mr. Elizabeth",male,38.5,0,0,TKT58649,12.28,,S,214.3,20.71
800,1,3,"Taylor, Miss. Anna",female,,1,1,TKT68528,17.23,,,204.53,15.23
801,1,3,"Anderson, Dr. James",male,,4,1,TKT75444,18.97,,C,210.53,23.17
802,0,3,"Johnson, Mr. Sarah",male,38.2,0,0,TKT38217,14.6,,S,216.01,15.49
803,1,3,"Johnson, Mr. Sarah",male,41.1,2,0,TKT53420,11.86,,S,213.09,24.22
804,0,3,"Johnson, Mr. John",male,36.3,0,3,TKT19384,3,,S,210.84,20.14
805,0,3,"Martin, Mr. Sarah",male,29.7,1,0,TKT51016,17.79,,S,234.21,21.12
806,1,3,"Harris, Mr. Elizabeth",male,,0,0,TKT71873,13.34,,S,221.54,19.99
807,0,3,"Anderson, Mr. William",male,22.7,0,0,TKT37397,9.69,,S,224.28,21.41
808,0,3,"Thomas, Mr. Anna",male,9,1,0,TKT38679,23.22,,Q,231.97,23.84
809,0,3,"White, Mr. John",male,12.6,0,0,TKT51604,3,,S,185.11,10.52
810,0,3,"Smith, Dr. Anna",male,22.1,0,0,TKT87993,26.15,,C,227.52,19.07
811,0,3,"Harris, Mr. Sarah",male,,1,0,TKT64369,12.82,,S,211.32,19.71
812,1,3,"Thomas, Miss. Charles",female,46.2,3,1,TKT92712,15.54,,S,192.32,21.07
813,0,3,"Anderson, Mr. Anna",male,25.4,0,0,TKT15550,9.84,G67,S,205.19,22.51
814,1,3,"Jackson, Miss. James",female,40,1,0,TKT86413,3,G16,S,253.88,30
815,0,3,"Taylor, Miss. Anna",female,41.1,1,1,TKT13938,11.88,,S,201.97,21.94
816,1,3,"Harris, Mr. Margaret",male,,0,0,TKT39011,15.68,,S,261.8,23.05
817,0,3,"White, Miss. James",female,34.3,2,0,TKT48391,18.41,F24,Q,221.48,20.76
818,1,3,"Anderson, Mrs. Anna",female,22.6,0,1,TKT31292,11.42,G35,S,203.87,22.19
819,1,3,"Martin, Miss. Charles",female,44.5,1,0,TKT99035,3,,S,249.58,27.45
820,1,3,"Martin, Mr. Elizabeth",male,,0,0,TKT90351,3,,S,226.94,20.82
821,1,3,"Jackson, Mr. Elizabeth",male,,0,0,TKT61411,29.42,,S,249.49,25.9
822,0,3,"White, Mr. Mary",male,28.3,0,2,TKT50764,4.26,F2,S,267.92,28.64
823,0,3,"Jackson, Mrs. Charles",female,49.1,0,0,TKT78557,24.42,F46,S,255.92,25.22
824,1,3,"Anderson, Dr. Anna",male,23.5,2,0,TKT73695,5.53,,S,211.42,23.4
825,0,3,"Harris, Mr. Mary",male,,4,3,TKT53256,11.54,,S,237.5,20.51
826,1,3,"Martin, Mr. Mary",male,33.6,0,0,TKT84443,18,,S,218.42,24.6
827,0,3,"Anderson, Mr. Anna",male,11.5,0,0,TKT27364,6.44,G148,S,217.95,19.12
828,0,3,"Jackson, Dr. Margaret",female,33.1,0,0,TKT34991,25.74,,S,250.36,19.24
829,0,3,"Brown, Mr. James",male,6.5,0,0,TKT11587,13.61,,C,239.42,17.26
830,0,3,"Brown, Mr. John",male,17.2,0,0,TKT20718,16.69,G35,C,206.46,19.39
831,0,3,"Jackson, Mr. Sarah",male,41.1,2,0,TKT27890,10.86,,S,187.49,13.03
832,1,3,"Jackson, Mr. John",male,31,1,0,TKT66233,18.27,,Q,202.7,24.39
833,0,3,"Taylor, Mr. Sarah",male,,0,0,TKT86995,25.63,,S,207.94,16.87
834,1,3,"Smith, Mr. Mary",male,32.3,0,0,TKT63116,11.95,,C,219.54,20.58
835,1,3,"Anderson, Mrs. Sarah",female,,0,0,TKT50086,26.84,,S,227.61,19.28
836,1,3,"Thomas, Mr. Anna",male,26.2,0,0,TKT34317,8.11,,S,247.59,18.79
837,0,3,"White, Mr. Margaret",male,,0,0,TKT19128,19.11,,Q,215.5,21.55
838,0,3,"Thomas, Mrs. Elizabeth",female,15.8,0,0,TKT62623,16.91,,S,250.8,19.13
839,0,3,"Harris, Mr. Anna",male,,0,0,TKT22674,4.45,,S,198.21,19.14
840,1,3,"White, Mrs. Charles",female,21.6,0,0,TKT81131,14.71,,S,243.82,22.64
841,1,3,"Taylor, Mr. John",male,3.8,1,0,TKT46797,13.06,,S,270.45,23.48
842,1,3,"Jackson, Mrs. James",female,13.1,0,1,TKT41500,6.17,,S,219.68,24.61
843,0,3,"Harris, Mr. Sarah",male,48,0,0,TKT12398,15.86,,C,229.7,23.92
844,1,3,"Harris, Mrs. James",female,31.4,0,1,TKT31808,14.17,,Q,232.73,23.01
845,0,3,"Jackson, Mr. Elizabeth",male,7.5,2,0,TKT11201,12.42,,S,215.85,22.98
846,0,3,"Thomas, Mr. Anna",male,4.4,0,0,TKT75249,12.45,,Q,256.87,20.02
847,0,3,"Anderson, Mrs. Charles",female,24.4,0,0,TKT54088,12.28,,Q,261.32,23.97
848,0,3,"Thomas, Mr. Sarah",male,47.9,0,0,TKT80727,10.06,,S,245.92,25.16
849,0,3,"Brown, Mr. John",male,23.4,0,0,TKT60870,14.12,,S,202.88,26.29
850,0,3,"Smith, Mr. Anna",male,44.3,0,2,TKT95885,7.85,,S,259.22,26.12
851,1,3,"Brown, Miss. George",female,30.9,1,0,TKT80539,34.25,,S,255.33,23.36
852,0,3,"Martin, Mr. John",male,32.6,0,0,TKT23282,3,,C,252.28,16.99
853,0,3,"Johnson, Miss. James",female,7.3,0,0,TKT20494,8.32,,S,193.98,23.66
854,1,3,"Anderson, Miss. Mary",female,39.1,0,0,TKT90032,8.95,,S,230.74,22.8
855,1,3,"Johnson, Mr. William",male,21.3,1,1,TKT34219,29.32,,Q,204.45,18.18
856,0,3,"Smith, Mr. Margaret",male,38.1,2,0,TKT78858,3,,S,267.22,18.99
857,0,3,"Smith, Mr. Mary",male,,1,2,TKT66571,16.41,,S,212.07,19.28
858,0,3,"Thomas, Mrs. William",female,28.5,0,0,TKT73170,14.99,G140,Q,244.59,24.07
859,0,3,"Thomas, Mr. James",male,30.9,1,2,TKT34010,15.67,,S,244.04,21.86
860,0,3,"Thomas, Mr. William",male,23.8,1,1,TKT38174,22.89,G144,S,229.11,17.37
861,0,3,"Jackson, Mr. Elizabeth",male,31.7,0,2,TKT59935,22.73,,C,220.38,16.1
862,0,3,"Smith, Mr. Anna",male,22.3,0,0,TKT11997,9.39,,C,213.14,26.08
863,1,3,"Jackson, Mrs. John",female,16.9,1,0,TKT38047,14.55,,S,198.76,18.34
864,1,3,"White, Miss. Anna",female,48.5,0,0,TKT55679,3,,S,251.76,22.8
865,0,3,"Taylor, Mr. George",male,,1,0,TKT28401,13.79,,S,222.32,21.04
866,1,3,"Jackson, Mr. Mary",male,15.3,0,0,TKT35718,6.65,,S,226.78,21.36
867,1,3,"White, Miss. John",female,34,0,1,TKT98517,11.51,G97,S,248.21,19.38
868,0,3,"White, Mrs. John",female,,0,0,TKT36083,3,,C,223.4,24.04
869,0,3,"Jackson, Miss. Charles",female,9.4,1,1,TKT91216,16.24,,S,256.48,24.5
870,0,3,"Smith, Mr. Mary",male,40.5,2,0,TKT93441,3,,C,240.63,23.53
871,1,3,"Thomas, Mrs. Mary",female,,0,2,TKT70649,14.19,G145,S,213.15,24.62
872,0,3,"Taylor, Mr. James",male,39,0,0,TKT23767,3.19,,Q,230.91,17.68
873,1,3,"Jackson, Mr. James",male,22.5,0,0,TKT28511,6.2,,S,220.21,18.12
874,1,3,"Harris, Miss. Mary",female,23,0,1,TKT94079,22.24,,S,232.69,23.22
875,0,3,"Martin, Mr. John",male,31.7,4,1,TKT10133,17.7,,S,223.15,23.94
876,0,3,"Thomas, Mr. Anna",male,34.1,0,1,TKT55342,22.19,,S,249.36,22.22
877,0,3,"Harris, Mr. George",male,14.4,0,2,TKT63664,25.48,,Q,246.1,21.99
878,1,3,"Martin, Mrs. James",female,36,0,0,TKT85444,6.82,,Q,192.3,19.28
879,1,3,"Harris, Mr. Anna",male,27.6,4,1,TKT90555,24.99,,S,157.32,20.34
880,1,3,"Martin, Mrs. James",female,8.4,0,0,TKT35522,3,,S,245.73,24.02
881,1,3,"Brown, Rev. Anna",male,23.6,1,0,TKT55228,18.97,,S,260.15,23.02
882,1,3,"Thomas, Mr. William",male,45.3,0,0,TKT67052,9.05,,C,252.07,21.12
883,1,3,"Jackson, Miss. George",female,49.5,0,0,TKT96865,5.56,,S,249.04,23.73
884,1,3,"Johnson, Miss. Anna",female,,1,0,TKT60092,17.92,,S,239.48,25.78
885,0,3,"Jackson, Mr. John",male,9.3,0,1,TKT20962,20.56,G79,S,206.86,28.21
886,1,3,"Martin, Miss. Mary",female,32.9,1,0,TKT93174,20.32,,S,233.2,22.49
887,0,3,"Brown, Mrs. Elizabeth",female,37.9,0,2,TKT56119,14.72,,S,229.69,27.4
888,0,3,"Harris, Mr. Sarah",male,,1,0,TKT26136,14.06,,S,196.28,18.68
889,1,3,"White, Miss. James",female,37,1,0,TKT27124,17.21,,S,250.69,25.09
890,1,3,"Johnson, Mrs. James",female,,1,0,TKT28411,15.43,,Q,229.17,26.54
891,0,3,"Harris, Mr. Charles",male,25,0,0,TKT74912,17.33,,,205.66,19.18
892,0,3,"Taylor, Miss. Margaret",female,17.5,1,0,TKT95405,14.63,,S,290.1,26.03
893,1,3,"Brown, Dr. George",male,0.5,4,0,TKT49722,19.74,,S,193.42,21.33
894,0,3,"Brown, Mr. Charles",male,30.8,0,0,TKT18816,3,,S,221.63,15.62
895,1,3,"Thomas, Mr. Elizabeth",male,,0,0,TKT89963,11.95,,S,204.39,22.03
896,1,3,"Brown, Mrs. John",female,33.8,1,1,TKT67120,3,,S,260.32,25.56
897,0,3,"Jackson, Mr. Anna",male,7.3,0,0,TKT61367,15.21,,S,222.49,19.95
898,1,3,"Jackson, Mrs. George",female,35,1,1,TKT15450,26.14,,C,268.74,25.56
899,1,3,"White, Mr. Mary",male,,1,1,TKT97353,9.21,,S,233.44,21.8
900,1,3,"White, Miss. Elizabeth",female,27.1,0,0,TKT16929,14.02,F85,S,242.47,21.94
